service_id,vehicle_id,service_date,service_type,technician,cost_inr,days_taken
S00001,V0057,2026-02-10,Tyre Replacement,S. Iyer,6181.84,1
S00002,V0013,2025-12-30,Brake Repair,S. Iyer,3971.15,7
S00003,V0356,2025-02-08,Suspension Work,P. Nair,9861.07,1
S00004,V0381,2025-08-11,Brake Repair,P. Nair,4574.0,1
S00005,V0031,2026-02-13,AC Repair,P. Nair,3913.56,1
S00006,V0270,2026-03-25,Body Repair,N. Gupta,10270.12,7
S00007,V0524,2025-05-03,General Service,S. Iyer,2073.34,3
S00008,V0162,2026-07-09,Tyre Replacement,A. Verma,5091.63,2
S00009,V0522,,Oil Change,M. Khan,2048.5,1
S00010,V0484,2025-08-05,AC Repair,S. Iyer,2984.29,1
S00011,V0037,2025-12-16,Suspension Work,K. Reddy,7709.95,2
S00012,V0330,2026-01-15,Oil Change,D. Singh,3107.5,2
S00013,V0080,2024-11-03,Battery Check,S. Iyer,1957.34,2
S00014,V0529,2025-05-30,General Service,A. Verma,2214.73,7
S00015,V0290,2025-11-08,Tyre Replacement,,8522.55,7
S00016,V0009,2026-01-24,Motor Repair,M. Khan,12857.6,7
S00017,V0378,2026-05-19,Body Repair,M. Khan,3439.88,2
S00018,V0155,2026-05-24,General Service,R. Sharma,1617.92,2
S00019,V0355,2026-03-18,Insurance Claim,R. Sharma,8630.57,3
S00020,V0002,2026-01-27,Insurance Claim,P. Nair,21924.26,1
S00021,V0211,2024-09-14,Suspension Work,K. Reddy,7045.13,7
S00022,V0062,2025-08-20,Brake Repair,A. Verma,6664.36,1
S00023,V0238,2024-10-24,Suspension Work,D. Singh,7800.97,7
S00024,V0087,2026-04-22,Software Update,K. Reddy,738.65,1
S00025,V0064,2026-08-20,Software Update,S. Iyer,1032.23,2
S00026,V0299,2026-08-13,Tyre Replacement,K. Reddy,1356.62,3
S00027,V0326,2025-07-29,Oil Change,M. Khan,1948.44,1
S00028,V0112,2026-06-08,Software Update,N. Gupta,1015.84,3
S00029,V0417,2026-07-21,Battery Check,M. Khan,723.74,7
S00030,V0316,2025-08-09,Oil Change,A. Verma,2520.57,1
S00031,V0312,2025-09-21,Brake Repair,S. Iyer,4697.59,1
S00032,V0255,2025-02-15,Battery Check,P. Nair,1281.97,2
S00033,V0179,2024-12-24,General Service,N. Gupta,3053.68,2
S00034,V0097,2026-07-13,Software Update,A. Verma,1435.79,1
S00035,V0064,2026-01-15,Brake Repair,D. Singh,4467.34,1
S00036,V0266,2024-11-07,Battery Check,M. Khan,1630.32,7
S00037,V0132,2026-08-18,Battery Check,D. Singh,1258.84,1
S00038,V0044,2024-09-12,Software Update,K. Reddy,562.04,7
S00039,V0031,2026-07-02,Software Update,S. Iyer,1032.49,3
S00040,V0220,2025-04-17,Brake Repair,S. Iyer,2941.56,1
S00041,V0252,2025-05-29,Brake Repair,,4305.2,7
S00042,V0063,2025-03-14,Oil Change,K. Reddy,1499.08,2
S00043,V0539,2026-01-29,Oil Change,,2101.76,1
S00044,V0392,2025-12-21,AC Repair,N. Gupta,3908.74,3
S00045,V0515,2026-07-18,AC Repair,S. Iyer,4770.99,1
S00046,V0327,2025-12-25,Motor Repair,R. Sharma,12322.41,7
S00047,V0543,2025-12-21,AC Repair,M. Khan,3169.4,1
S00048,V0103,2026-06-27,Oil Change,P. Nair,1183.38,1
S00049,V0225,2025-11-28,Body Repair,K. Reddy,10133.97,3
S00050,V0178,2025-08-16,Brake Repair,D. Singh,4754.63,1
S00051,V0361,2026-03-26,Body Repair,M. Khan,15179.35,7
S00052,V0317,2025-04-22,Brake Repair,A. Verma,2844.42,1
S00053,V0239,2025-02-01,General Service,N. Gupta,3260.91,1
S00054,V0340,2025-10-17,Software Update,D. Singh,1179.58,1
S00055,V0332,2026-06-28,General Service,S. Iyer,2861.76,1
S00056,V0539,2024-10-08,AC Repair,D. Singh,5799.07,5
S00057,V0104,2025-04-29,Software Update,S. Iyer,583.34,5
S00058,V0499,2026-06-18,Insurance Claim,,14109.27,3
S00059,V0229,2026-02-16,Insurance Claim,S. Iyer,9436.2,5
S00060,V0315,2026-02-02,Battery Check,K. Reddy,2285.42,1
S00061,V0187,2025-12-13,Body Repair,M. Khan,14748.34,1
S00062,V0509,2026-03-18,Battery Check,M. Khan,1470.82,3
S00063,V0328,2026-07-29,Brake Repair,A. Verma,4611.55,3
S00064,V0458,2025-07-07,Oil Change,A. Verma,1090.94,3
S00065,V0263,2025-02-08,Battery Check,R. Sharma,2784.02,5
S00066,V0449,2025-02-27,Software Update,K. Reddy,836.18,7
S00067,V0388,2025-03-22,AC Repair,A. Verma,3634.01,7
S00068,V0231,2024-11-11,Brake Repair,R. Sharma,5266.88,2
S00069,V0021,2025-04-27,Oil Change,A. Verma,2103.04,3
S00070,V0175,2025-10-28,Oil Change,,1941.05,1
S00071,V0347,,Body Repair,N. Gupta,8680.01,1
S00072,V0442,2026-07-11,Brake Repair,S. Iyer,4893.06,1
S00073,V0104,2025-10-14,Software Update,K. Reddy,1326.97,2
S00074,V0289,2024-11-23,Oil Change,K. Reddy,2647.61,7
S00075,V0158,2025-04-08,General Service,K. Reddy,3894.04,1
S00076,V0302,2025-05-26,Insurance Claim,N. Gupta,20526.86,2
S00077,V0100,2026-02-11,General Service,P. Nair,1634.1,1
S00078,V0485,2025-04-06,Battery Check,K. Reddy,1433.96,7
S00079,V0501,2025-10-27,Software Update,S. Iyer,815.6,3
S00080,V0391,2025-01-07,Oil Change,P. Nair,2489.34,7
S00081,V0477,2025-06-01,Brake Repair,R. Sharma,1712.08,1
S00082,V0100,2025-06-27,Battery Check,,2303.01,5
S00083,V0233,2026-03-08,Software Update,,755.76,5
S00084,V0549,2026-03-27,Insurance Claim,N. Gupta,21264.79,2
S00085,V0488,2026-07-05,General Service,R. Sharma,1614.41,1
S00086,V0124,2024-11-22,Oil Change,M. Khan,757.44,2
S00087,V0130,2025-12-20,General Service,K. Reddy,3220.27,2
S00088,V0152,2025-10-27,General Service,A. Verma,2564.15,1
S00089,V0398,2024-11-07,Suspension Work,D. Singh,3839.6,2
S00090,V0533,2024-08-28,Motor Repair,R. Sharma,8200.84,5
S00091,V0116,2026-05-07,Battery Check,A. Verma,1323.71,1
S00092,V0293,2025-04-09,Suspension Work,K. Reddy,11089.1,2
S00093,V0393,2026-04-10,Insurance Claim,N. Gupta,22728.58,1
S00094,V0177,2025-03-26,Tyre Replacement,K. Reddy,2843.4,1
S00095,V0406,2025-01-29,AC Repair,R. Sharma,3198.96,7
S00096,V0276,2026-01-01,Motor Repair,P. Nair,13568.2,2
S00097,V0504,2024-12-07,Oil Change,S. Iyer,300.0,2
S00098,V0454,2025-03-17,Brake Repair,A. Verma,4120.19,2
S00099,V0453,2026-02-19,Oil Change,K. Reddy,1654.51,7
S00100,V0529,2026-05-04,AC Repair,,4352.85,1
S00101,V0068,2026-04-19,Tyre Replacement,K. Reddy,9882.81,1
S00102,V0537,2024-09-16,Oil Change,M. Khan,2509.74,1
S00103,V0256,2025-04-13,General Service,D. Singh,2264.72,2
S00104,V0281,2025-08-24,AC Repair,,2144.51,5
S00105,V0127,2026-01-07,Motor Repair,N. Gupta,28510.14,7
S00106,V0182,2025-03-09,Motor Repair,D. Singh,15310.9,3
S00107,V0168,2026-05-03,Tyre Replacement,A. Verma,6029.25,2
S00108,V0029,2025-10-15,General Service,M. Khan,2478.89,2
S00109,V0231,2025-11-26,Software Update,,855.46,1
S00110,V0010,2025-01-26,Motor Repair,S. Iyer,14242.11,1
S00111,V0230,2025-03-23,Tyre Replacement,P. Nair,4795.31,2
S00112,V0434,2026-07-29,Software Update,N. Gupta,646.88,2
S00113,V0224,2024-10-03,Motor Repair,,14828.05,5
S00114,V0105,2026-04-06,General Service,D. Singh,2024.5,2
S00115,V0306,2024-12-11,Oil Change,D. Singh,1350.91,2
S00116,V0333,2026-01-27,General Service,P. Nair,2593.13,2
S00117,V0154,2026-05-03,Suspension Work,R. Sharma,6375.31,5
S00118,V0328,2026-07-06,Battery Check,N. Gupta,2289.6,2
S00119,V0266,2025-02-02,Software Update,R. Sharma,300.0,2
S00120,V0352,2026-02-10,Oil Change,N. Gupta,2487.65,3
S00121,V0520,2026-06-27,Tyre Replacement,,8616.78,1
S00122,V0301,2026-03-12,Battery Check,P. Nair,411.47,1
S00123,V0344,2026-05-10,Motor Repair,M. Khan,13200.89,2
S00124,V0431,2026-02-04,AC Repair,P. Nair,3044.98,7
S00125,V0121,2025-03-28,Battery Check,N. Gupta,761.06,2
S00126,V0513,2026-04-09,Battery Check,K. Reddy,1091.65,2
S00127,V0424,2026-06-19,General Service,S. Iyer,1528.25,1
S00128,V0206,2024-12-16,AC Repair,N. Gupta,5646.53,1
S00129,V0324,2024-09-06,Brake Repair,N. Gupta,5575.45,3
S00130,V0182,2025-06-04,AC Repair,R. Sharma,5057.65,7
S00131,V0281,2025-06-26,Oil Change,S. Iyer,2254.65,1
S00132,V0502,2025-08-03,Brake Repair,K. Reddy,2540.29,5
S00133,V0440,2025-05-03,Battery Check,,1224.63,2
S00134,V0383,2025-06-04,General Service,,2928.2,2
S00135,V0019,2024-10-13,General Service,M. Khan,1430.64,2
S00136,V0353,2026-02-04,Brake Repair,,5248.11,2
S00137,V0172,2025-03-16,Battery Check,P. Nair,1373.83,2
S00138,V0467,2026-06-27,Suspension Work,D. Singh,6081.69,5
S00139,V0138,2026-01-16,AC Repair,N. Gupta,4370.93,3
S00140,V0193,2025-09-26,Brake Repair,K. Reddy,4853.07,1
S00141,V0234,2024-11-01,Oil Change,S. Iyer,1572.59,2
S00142,V0023,2025-04-15,Body Repair,A. Verma,16869.19,3
S00143,V0039,2026-03-23,Software Update,P. Nair,497.3,1
S00144,V0050,2026-05-16,Battery Check,R. Sharma,1823.37,1
S00145,V0427,2024-09-30,Motor Repair,N. Gupta,18113.78,1
S00146,V0211,2026-07-06,Insurance Claim,P. Nair,22291.47,5
S00147,V0104,2025-04-01,Insurance Claim,S. Iyer,27853.66,5
S00148,V0108,2025-12-13,Suspension Work,A. Verma,3934.77,2
S00149,V0117,2025-10-17,Battery Check,M. Khan,1985.11,2
S00150,V0536,2025-07-11,Software Update,P. Nair,748.23,1
S00151,V0041,2025-08-09,Suspension Work,M. Khan,5719.33,7
S00152,V0339,2026-06-08,General Service,A. Verma,3417.88,1
S00153,V0506,2025-01-22,Brake Repair,,3164.61,1
S00154,V0104,2026-04-01,Tyre Replacement,N. Gupta,3042.23,2
S00155,V0271,2025-01-12,Software Update,R. Sharma,364.14,2
S00156,V0369,2025-12-11,Battery Check,A. Verma,1818.16,1
S00157,V0010,2025-05-13,Brake Repair,S. Iyer,2317.77,3
S00158,V0367,2026-05-09,Motor Repair,P. Nair,24212.67,1
S00159,V0382,2024-11-04,Brake Repair,K. Reddy,1139.56,7
S00160,V0279,2026-03-19,Software Update,N. Gupta,1275.01,5
S00161,V0171,2026-05-11,General Service,R. Sharma,2684.64,1
S00162,V0107,2025-05-24,Software Update,N. Gupta,772.92,7
S00163,V0186,2026-08-10,Body Repair,D. Singh,9711.34,1
S00164,V0134,2025-12-31,Motor Repair,A. Verma,17095.46,5
S00165,V0452,2024-12-22,Motor Repair,R. Sharma,14802.42,2
S00166,V0347,2024-10-02,Suspension Work,A. Verma,9703.09,5
S00167,V0255,2025-05-08,Software Update,S. Iyer,831.98,1
S00168,V0012,2025-08-03,Insurance Claim,,26315.14,7
S00169,V0508,2026-07-13,Software Update,D. Singh,698.19,2
S00170,V0339,2024-11-15,Oil Change,,1764.12,5
S00171,V0413,2025-09-02,Brake Repair,N. Gupta,4652.47,1
S00172,V0511,2025-04-26,Software Update,R. Sharma,321.15,1
S00173,V0414,2025-07-05,Battery Check,A. Verma,792.2,2
S00174,V0521,2024-12-08,Software Update,D. Singh,1008.11,3
S00175,V0056,2026-02-01,Oil Change,D. Singh,1907.65,7
S00176,V0373,,General Service,M. Khan,2339.01,1
S00177,V0350,2024-11-16,AC Repair,P. Nair,3522.58,3
S00178,V0109,2025-06-07,General Service,N. Gupta,2804.13,1
S00179,V0420,2025-03-31,Software Update,M. Khan,648.87,1
S00180,V0403,2025-10-31,Oil Change,M. Khan,1309.67,3
S00181,V0111,2024-12-26,Battery Check,N. Gupta,1602.82,7
S00182,V0517,2026-02-17,Brake Repair,R. Sharma,2761.79,1
S00183,V0444,2026-03-12,Body Repair,,13714.66,1
S00184,V0178,2026-08-16,General Service,D. Singh,1010.24,5
S00185,V0429,2025-12-25,Body Repair,M. Khan,16322.45,2
S00186,V0408,2024-10-26,AC Repair,N. Gupta,4078.93,1
S00187,V0142,2025-07-26,Software Update,,871.69,2
S00188,V0322,2026-04-12,Suspension Work,M. Khan,9407.59,2
S00189,V0298,2025-05-28,Insurance Claim,S. Iyer,39572.9,1
S00190,V0516,2025-11-27,Suspension Work,D. Singh,9485.21,1
S00191,V0361,2025-07-13,Suspension Work,K. Reddy,2489.86,2
S00192,V0433,2024-08-30,General Service,R. Sharma,1380.37,5
S00193,V0149,2024-11-15,General Service,M. Khan,1953.28,2
S00194,V0165,2024-11-19,Tyre Replacement,S. Iyer,6054.79,1
S00195,V0303,2025-12-03,Oil Change,R. Sharma,2126.13,3
S00196,V0464,2026-06-17,Battery Check,,1118.98,2
S00197,V0399,2025-02-02,Oil Change,P. Nair,1917.66,1
S00198,V0391,2025-10-24,Software Update,D. Singh,588.49,1
S00199,V0014,2026-08-13,Brake Repair,M. Khan,3301.07,3
S00200,V0202,2025-08-07,Oil Change,A. Verma,913.8,1
S00201,V0178,2026-01-11,Oil Change,K. Reddy,1218.36,2
S00202,V0271,2024-10-30,Motor Repair,R. Sharma,7903.66,3
S00203,V0478,2025-10-29,Motor Repair,R. Sharma,9876.67,2
S00204,V0503,2025-05-29,Body Repair,A. Verma,16425.3,3
S00205,V0539,2026-08-22,Oil Change,,1201.88,1
S00206,V0518,2026-01-17,Brake Repair,,8069.6,5
S00207,V0095,2025-03-28,Software Update,D. Singh,938.13,3
S00208,V0370,2024-11-21,Software Update,,851.75,1
S00209,V0118,2025-04-16,Software Update,M. Khan,559.66,1
S00210,V0329,2026-01-25,Software Update,A. Verma,996.09,5
S00211,V0263,2026-05-14,Suspension Work,R. Sharma,5589.69,3
S00212,V0527,2025-09-18,Suspension Work,R. Sharma,7298.92,2
S00213,V0198,2025-06-14,AC Repair,A. Verma,6636.1,1
S00214,V0547,2026-01-16,General Service,M. Khan,2415.95,2
S00215,V0435,2025-06-05,General Service,K. Reddy,3505.61,1
S00216,V0158,2026-04-11,General Service,D. Singh,1884.72,1
S00217,V0090,2026-03-17,Brake Repair,,4148.57,1
S00218,V0234,2025-09-13,Tyre Replacement,N. Gupta,9718.68,5
S00219,V0444,2024-10-07,General Service,A. Verma,1951.4,1
S00220,V0065,2026-04-25,Oil Change,D. Singh,2941.84,1
S00221,V0297,2025-09-19,Insurance Claim,A. Verma,31192.83,2
S00222,V0449,2026-04-12,Software Update,R. Sharma,642.51,7
S00223,V0161,2025-12-11,General Service,K. Reddy,3053.36,2
S00224,V0148,2026-02-23,Tyre Replacement,D. Singh,8042.36,1
S00225,V0145,2025-01-20,Software Update,,974.11,1
S00226,V0313,2025-12-16,Oil Change,D. Singh,810.76,2
S00227,V0423,2024-11-15,Insurance Claim,S. Iyer,18637.55,1
S00228,V0189,2026-05-14,Oil Change,P. Nair,1644.06,2
S00229,V0118,2026-01-12,Brake Repair,R. Sharma,4090.58,7
S00230,V0075,2024-08-25,Tyre Replacement,P. Nair,7303.41,1
S00231,V0203,2025-07-14,Body Repair,D. Singh,12746.34,3
S00232,V0132,2025-04-08,Insurance Claim,A. Verma,13315.74,2
S00233,V0072,2024-09-19,Oil Change,N. Gupta,2039.52,3
S00234,V0314,2025-10-16,Motor Repair,D. Singh,18205.58,5
S00235,V0173,2025-12-12,General Service,M. Khan,2989.82,5
S00236,V0284,2024-10-25,General Service,D. Singh,3445.68,7
S00237,V0474,2025-02-25,Motor Repair,N. Gupta,19378.09,1
S00238,V0180,2026-02-23,Insurance Claim,P. Nair,29017.83,1
S00239,V0202,2024-10-22,Tyre Replacement,A. Verma,5852.65,1
S00240,V0020,2024-11-21,Suspension Work,K. Reddy,2930.65,2
S00241,V0038,2025-03-28,Software Update,S. Iyer,920.29,3
S00242,V0402,2026-07-29,Oil Change,P. Nair,1930.84,1
S00243,V0476,2024-12-25,Suspension Work,K. Reddy,7665.37,3
S00244,V0515,2026-08-06,General Service,S. Iyer,1382.84,1
S00245,V0457,2025-12-16,General Service,S. Iyer,1554.08,7
S00246,V0368,2025-02-19,Brake Repair,M. Khan,5748.13,1
S00247,V0271,2024-09-24,Software Update,,788.92,3
S00248,V0398,2026-07-14,Motor Repair,R. Sharma,18577.88,1
S00249,V0332,2026-06-14,Battery Check,,1514.87,2
S00250,V0270,2025-03-24,Body Repair,S. Iyer,12124.98,5
S00251,V0388,2025-09-16,AC Repair,A. Verma,4649.4,2
S00252,V0386,2024-12-02,Oil Change,D. Singh,1474.89,3
S00253,V0499,2025-08-15,Motor Repair,R. Sharma,15504.63,1
S00254,V0451,2025-04-07,General Service,P. Nair,2095.51,2
S00255,V0154,2026-06-18,General Service,A. Verma,2119.82,2
S00256,V0425,2026-08-20,AC Repair,N. Gupta,3121.26,7
S00257,V0491,2025-11-08,Oil Change,K. Reddy,1939.94,1
S00258,V0250,2025-08-30,General Service,S. Iyer,2081.09,1
S00259,V0525,2026-01-06,General Service,S. Iyer,3598.79,1
S00260,V0171,2025-12-19,Tyre Replacement,,4121.32,5
S00261,V0020,2024-09-23,Insurance Claim,A. Verma,23364.87,2
S00262,V0460,2024-09-17,Body Repair,N. Gupta,10153.13,1
S00263,V0225,2024-12-03,Software Update,S. Iyer,1205.15,2
S00264,V0172,2026-05-09,Insurance Claim,N. Gupta,26719.85,1
S00265,V0236,2025-01-26,Battery Check,R. Sharma,2041.72,2
S00266,V0536,2024-11-28,Suspension Work,S. Iyer,3360.38,1
S00267,V0182,2025-09-29,Motor Repair,R. Sharma,16402.01,1
S00268,V0096,2025-10-28,Motor Repair,,19670.56,1
S00269,V0442,2025-03-12,Suspension Work,R. Sharma,7201.6,5
S00270,V0235,2026-02-05,Motor Repair,K. Reddy,20593.77,3
S00271,V0101,2025-06-26,Software Update,M. Khan,655.16,1
S00272,V0291,2025-09-27,Body Repair,K. Reddy,17919.26,2
S00273,V0194,2025-02-28,General Service,R. Sharma,4511.54,1
S00274,V0533,,General Service,M. Khan,2182.52,3
S00275,V0419,2024-12-19,Software Update,P. Nair,675.26,2
S00276,V0549,2025-07-21,Software Update,P. Nair,1206.95,5
S00277,V0209,2026-07-13,Software Update,,1242.28,7
S00278,V0184,2025-12-29,AC Repair,N. Gupta,2859.5,2
S00279,V0315,2026-07-10,Software Update,S. Iyer,682.35,1
S00280,V0236,2024-12-04,Motor Repair,S. Iyer,13520.63,1
S00281,V0220,2025-01-17,Suspension Work,D. Singh,3706.1,1
S00282,V0165,2025-11-25,Software Update,R. Sharma,542.78,1
S00283,V0149,2025-03-06,Motor Repair,K. Reddy,9728.26,1
S00284,V0066,2025-11-27,Oil Change,R. Sharma,1316.29,5
S00285,V0411,2025-12-06,Body Repair,P. Nair,11854.32,1
S00286,V0180,2026-01-26,Insurance Claim,R. Sharma,27049.38,2
S00287,V0531,2025-10-08,General Service,,3856.69,2
S00288,V0174,2025-12-08,Oil Change,R. Sharma,1171.04,1
S00289,V0089,2025-08-30,Tyre Replacement,D. Singh,8067.08,5
S00290,V0416,2024-12-19,Oil Change,A. Verma,1665.19,1
S00291,V0292,2026-04-14,Suspension Work,D. Singh,6878.81,3
S00292,V0284,2025-04-10,Oil Change,M. Khan,2225.14,7
S00293,V0414,2026-03-20,Software Update,K. Reddy,485.64,1
S00294,V0075,2025-05-26,Battery Check,,1700.77,2
S00295,V0257,2026-07-27,Motor Repair,N. Gupta,15873.87,2
S00296,V0348,,Motor Repair,R. Sharma,17585.37,7
S00297,V0120,2025-03-07,General Service,M. Khan,2753.02,2
S00298,V0324,2025-09-14,Software Update,,1487.48,1
S00299,V0270,2026-01-03,Brake Repair,D. Singh,3262.52,1
S00300,V0183,2025-06-15,Motor Repair,M. Khan,12212.27,2
S00301,V0188,2025-04-19,Insurance Claim,M. Khan,19547.52,7
S00302,V0205,,Oil Change,P. Nair,1450.05,2
S00303,V0235,2026-06-17,Oil Change,D. Singh,1398.45,1
S00304,V0110,2026-03-13,Battery Check,N. Gupta,2124.23,1
S00305,V0044,2024-12-06,Motor Repair,N. Gupta,22457.65,2
S00306,V0503,2026-03-28,Brake Repair,,3361.0,2
S00307,V0408,2025-03-10,Oil Change,S. Iyer,1275.62,1
S00308,V0539,2024-11-01,Software Update,,932.0,1
S00309,V0515,2026-08-08,AC Repair,S. Iyer,2823.53,7
S00310,V0124,2025-01-31,Suspension Work,R. Sharma,8550.68,1
S00311,V0216,2026-07-18,Software Update,D. Singh,856.82,3
S00312,V0266,2026-03-17,Brake Repair,M. Khan,1971.86,2
S00313,V0483,2024-11-20,Body Repair,S. Iyer,18499.52,7
S00314,V0435,2025-09-10,Oil Change,D. Singh,2931.4,3
S00315,V0411,2026-05-23,Tyre Replacement,S. Iyer,4713.14,2
S00316,V0103,2025-10-26,Tyre Replacement,,5185.83,5
S00317,V0391,2026-04-03,General Service,S. Iyer,2750.13,7
S00318,V0010,2024-10-30,Brake Repair,S. Iyer,4691.65,3
S00319,V0499,2025-05-04,General Service,R. Sharma,3076.23,5
S00320,V0102,2025-10-14,Motor Repair,N. Gupta,25553.57,1
S00321,V0461,2025-03-16,Motor Repair,,14071.03,2
S00322,V0353,2025-03-08,General Service,D. Singh,1801.49,2
S00323,V0179,2024-11-02,Software Update,N. Gupta,413.79,1
S00324,V0391,2024-09-26,General Service,S. Iyer,1860.44,1
S00325,V0346,2025-04-11,Software Update,K. Reddy,790.72,1
S00326,V0082,2026-02-22,Brake Repair,D. Singh,6838.0,3
S00327,V0299,2025-01-01,Tyre Replacement,K. Reddy,4913.02,2
S00328,V0456,2026-04-03,AC Repair,,3774.14,7
S00329,V0424,2025-12-30,Oil Change,S. Iyer,1789.65,2
S00330,V0258,2026-03-21,Brake Repair,A. Verma,5946.94,1
S00331,V0066,2025-09-29,Motor Repair,R. Sharma,28266.4,5
S00332,V0537,2026-05-28,General Service,S. Iyer,2035.49,1
S00333,V0400,2025-06-12,Motor Repair,N. Gupta,12430.44,1
S00334,V0135,2025-10-28,Suspension Work,R. Sharma,9558.19,1
S00335,V0366,2025-02-27,AC Repair,N. Gupta,4335.32,2
S00336,V0456,2026-01-05,Brake Repair,,6914.66,1
S00337,V0468,2026-01-25,Insurance Claim,K. Reddy,30109.37,2
S00338,V0356,2025-12-15,Motor Repair,A. Verma,13113.72,7
S00339,V0316,2024-12-04,AC Repair,S. Iyer,4223.55,2
S00340,V0011,2025-10-10,General Service,S. Iyer,3470.12,3
S00341,V0294,2025-03-05,Motor Repair,N. Gupta,19307.53,7
S00342,V0307,2026-06-24,General Service,P. Nair,2943.86,2
S00343,V0008,2025-12-02,Software Update,,1098.67,5
S00344,V0405,2025-05-19,Software Update,K. Reddy,1127.4,2
S00345,V0270,2026-03-13,Battery Check,M. Khan,2225.63,2
S00346,V0292,2025-12-30,Insurance Claim,P. Nair,30676.21,5
S00347,V0193,2025-06-23,Motor Repair,A. Verma,14122.63,7
S00348,V0464,2025-07-22,Tyre Replacement,N. Gupta,6308.1,2
S00349,V0329,2025-07-08,Battery Check,S. Iyer,2133.42,1
S00350,V0289,2025-05-07,Brake Repair,R. Sharma,2999.1,2
S00351,V0093,2025-07-30,Oil Change,D. Singh,2032.26,5
S00352,V0320,2025-03-19,Motor Repair,N. Gupta,12934.97,1
S00353,V0339,2026-07-19,Battery Check,S. Iyer,1515.09,1
S00354,V0273,2025-09-06,Brake Repair,S. Iyer,6079.32,2
S00355,V0257,2026-01-29,Software Update,A. Verma,853.51,2
S00356,V0395,2026-06-28,Battery Check,M. Khan,1524.38,7
S00357,V0097,2025-02-05,Suspension Work,M. Khan,3668.35,7
S00358,V0399,,Insurance Claim,D. Singh,31529.72,1
S00359,V0044,2024-10-24,Suspension Work,P. Nair,8581.44,7
S00360,V0306,2025-04-02,Oil Change,R. Sharma,3162.85,2
S00361,V0116,2026-03-08,Oil Change,D. Singh,1606.1,1
S00362,V0172,2026-05-01,Tyre Replacement,K. Reddy,6460.22,2
S00363,V0010,2025-11-28,General Service,N. Gupta,2718.21,1
S00364,V0381,2024-10-17,Brake Repair,A. Verma,6518.86,3
S00365,V0062,2025-02-13,Software Update,,773.32,1
S00366,V0129,2024-10-29,General Service,D. Singh,2744.14,7
S00367,V0198,2025-10-16,General Service,D. Singh,3031.91,1
S00368,V0257,2024-10-22,General Service,N. Gupta,2663.28,2
S00369,V0502,2025-03-18,Oil Change,,1518.75,3
S00370,V0332,2026-07-02,General Service,,2669.83,1
S00371,V0071,2026-04-04,Motor Repair,P. Nair,20636.57,3
S00372,V0465,2024-08-29,General Service,,1601.8,5
S00373,V0190,2026-07-16,General Service,D. Singh,2616.35,2
S00374,V0329,2025-12-29,Battery Check,,1132.44,5
S00375,V0195,2026-07-04,Suspension Work,,9927.86,1
S00376,V0290,2024-11-29,AC Repair,D. Singh,1634.1,1
S00377,V0099,2025-08-20,Suspension Work,R. Sharma,5630.64,1
S00378,V0183,2026-01-04,Brake Repair,M. Khan,4754.5,1
S00379,V0033,2025-12-29,Body Repair,K. Reddy,18575.2,7
S00380,V0539,2025-09-15,Body Repair,P. Nair,11723.85,1
S00381,V0376,2024-11-21,Oil Change,A. Verma,1450.22,1
S00382,V0214,2024-09-01,Insurance Claim,A. Verma,41460.12,7
S00383,V0063,2025-01-08,AC Repair,K. Reddy,1726.18,3
S00384,V0060,2026-04-21,Battery Check,A. Verma,345.63,2
S00385,V0080,2024-08-27,Oil Change,A. Verma,2077.21,1
S00386,V0237,2025-06-28,Suspension Work,M. Khan,5769.97,2
S00387,V0184,2025-09-16,Suspension Work,K. Reddy,4497.98,1
S00388,V0367,2025-05-01,Insurance Claim,K. Reddy,31198.12,1
S00389,V0171,2026-08-18,Brake Repair,,4558.39,3
S00390,V0162,2025-12-18,Suspension Work,N. Gupta,5618.01,3
S00391,V0323,2026-06-25,Suspension Work,D. Singh,3863.25,3
S00392,V0423,2026-08-22,Insurance Claim,D. Singh,32634.0,2
S00393,V0220,2026-07-13,Software Update,P. Nair,982.06,3
S00394,V0464,2026-01-04,Motor Repair,R. Sharma,14479.33,1
S00395,V0292,2024-09-21,Oil Change,P. Nair,2963.38,1
S00396,V0308,2025-07-15,Motor Repair,R. Sharma,9382.05,2
S00397,V0524,2024-12-23,Suspension Work,S. Iyer,3262.46,1
S00398,V0039,2026-07-02,Software Update,P. Nair,606.27,3
S00399,V0256,2026-03-03,Brake Repair,A. Verma,4132.99,5
S00400,V0223,2026-06-13,Battery Check,N. Gupta,1627.75,1
S00401,V0500,2024-12-27,Body Repair,A. Verma,10986.81,2
S00402,V0039,2025-05-17,Battery Check,D. Singh,1684.83,3
S00403,V0445,2024-11-27,Software Update,A. Verma,449.57,2
S00404,V0012,2025-05-07,Insurance Claim,K. Reddy,37632.94,1
S00405,V0313,2024-09-28,General Service,S. Iyer,2428.12,3
S00406,V0515,2025-08-19,General Service,K. Reddy,3477.63,7
S00407,V0517,2024-12-24,Motor Repair,K. Reddy,16799.31,1
S00408,V0136,2026-07-31,General Service,R. Sharma,2899.66,5
S00409,V0269,2025-04-26,Software Update,S. Iyer,959.53,1
S00410,V0493,2025-12-31,Brake Repair,M. Khan,4858.13,2
S00411,V0249,2026-04-21,Software Update,D. Singh,979.96,1
S00412,V0116,2026-05-05,Insurance Claim,D. Singh,36630.08,3
S00413,V0196,2026-05-11,Battery Check,P. Nair,1603.17,1
S00414,V0359,2025-03-22,Body Repair,N. Gupta,14977.82,1
S00415,V0452,2025-08-10,General Service,M. Khan,2421.48,2
S00416,V0383,2025-03-03,Brake Repair,A. Verma,6316.97,1
S00417,V0056,2024-08-23,Oil Change,S. Iyer,1373.87,2
S00418,V0015,2025-11-26,AC Repair,A. Verma,5706.15,2
S00419,V0461,2025-06-05,Software Update,,788.76,2
S00420,V0209,2026-06-27,Suspension Work,P. Nair,3494.6,7
S00421,V0145,2026-07-02,Battery Check,P. Nair,1567.25,1
S00422,V0062,2026-07-24,Motor Repair,R. Sharma,11424.48,7
S00423,V0009,2025-09-02,Motor Repair,D. Singh,19413.38,1
S00424,V0020,2026-06-06,Tyre Replacement,K. Reddy,4629.49,2
S00425,V0390,2026-07-06,Suspension Work,A. Verma,5906.85,3
S00426,V0497,2026-06-05,Body Repair,S. Iyer,4063.93,2
S00427,V0513,2026-05-04,Motor Repair,R. Sharma,12625.39,1
S00428,V0254,2024-10-03,Software Update,K. Reddy,300.0,1
S00429,V0019,2024-08-26,AC Repair,D. Singh,1559.72,2
S00430,V0242,2025-07-24,Battery Check,P. Nair,1899.22,5
S00431,V0031,2025-03-28,Suspension Work,M. Khan,8925.21,1
S00432,V0350,2024-11-08,Software Update,A. Verma,919.13,5
S00433,V0534,2025-05-04,Insurance Claim,M. Khan,16538.96,5
S00434,V0247,2026-02-01,Brake Repair,D. Singh,4129.86,7
S00435,V0135,2025-06-11,Oil Change,,1797.73,2
S00436,V0142,2024-08-28,Tyre Replacement,,3567.43,1
S00437,V0441,2025-07-02,Brake Repair,S. Iyer,6410.0,3
S00438,V0070,2025-01-13,Suspension Work,A. Verma,9149.54,1
S00439,V0326,2025-09-12,Brake Repair,D. Singh,3875.18,5
S00440,V0422,2026-06-09,Tyre Replacement,P. Nair,6056.46,1
S00441,V0193,2025-06-18,Battery Check,P. Nair,1609.4,2
S00442,V0238,2026-06-20,Oil Change,D. Singh,513.71,1
S00443,V0489,2024-08-27,Brake Repair,N. Gupta,3836.65,3
S00444,V0189,2026-03-07,Software Update,S. Iyer,609.04,1
S00445,V0198,2025-02-20,Oil Change,P. Nair,1168.98,5
S00446,V0228,2025-08-01,Insurance Claim,M. Khan,22540.37,1
S00447,V0182,2025-05-22,Motor Repair,N. Gupta,24437.85,3
S00448,V0469,2025-05-15,Oil Change,R. Sharma,2203.73,5
S00449,V0321,2026-06-05,Software Update,,640.07,1
S00450,V0534,2025-09-18,Battery Check,R. Sharma,1800.61,2
S00451,V0532,2025-03-06,Battery Check,,2234.66,5
S00452,V0529,2026-08-15,Insurance Claim,M. Khan,33090.54,2
S00453,V0451,2025-12-14,Software Update,P. Nair,816.7,7
S00454,V0171,2025-07-09,Oil Change,,1392.43,1
S00455,V0475,2024-12-02,Insurance Claim,,31109.45,1
S00456,V0185,2026-02-19,Body Repair,,13652.64,1
S00457,V0403,2024-08-26,Software Update,R. Sharma,1050.65,1
S00458,V0465,2026-05-29,Body Repair,M. Khan,14667.72,7
S00459,V0093,2026-01-22,Tyre Replacement,S. Iyer,8204.06,1
S00460,V0094,2024-11-10,Battery Check,D. Singh,1219.0,1
S00461,V0537,2025-03-18,Software Update,,1168.87,1
S00462,V0388,2024-11-27,Suspension Work,S. Iyer,7484.12,3
S00463,V0154,2025-06-25,Brake Repair,S. Iyer,7250.63,1
S00464,V0430,2025-04-21,Software Update,P. Nair,607.03,1
S00465,V0121,2024-09-14,Brake Repair,R. Sharma,6751.87,2
S00466,V0013,2025-12-21,Motor Repair,N. Gupta,16039.03,1
S00467,V0506,2026-07-16,General Service,N. Gupta,1930.01,7
S00468,V0420,2026-07-24,Battery Check,M. Khan,1245.96,2
S00469,V0213,2026-08-10,Oil Change,D. Singh,1598.18,1
S00470,V0149,2024-11-16,General Service,P. Nair,2871.15,3
S00471,V0090,2025-08-14,Oil Change,S. Iyer,2129.39,2
S00472,V0182,2025-08-19,Motor Repair,D. Singh,11988.07,1
S00473,V0096,2026-01-02,Tyre Replacement,K. Reddy,5948.86,1
S00474,V0438,2024-11-23,Brake Repair,S. Iyer,7349.14,1
S00475,V0282,2026-02-22,AC Repair,,5616.24,2
S00476,V0215,2026-03-15,Battery Check,N. Gupta,1729.07,2
S00477,V0438,,Body Repair,P. Nair,12159.61,3
S00478,V0133,2026-02-03,Body Repair,,12504.13,7
S00479,V0505,2026-02-15,Brake Repair,M. Khan,5101.87,2
S00480,V0199,2026-04-17,Brake Repair,A. Verma,2696.49,2
S00481,V0425,2024-11-26,Motor Repair,,13648.77,2
S00482,V0012,2026-07-23,Motor Repair,P. Nair,6239.93,1
S00483,V0316,2026-03-24,Tyre Replacement,D. Singh,6838.37,1
S00484,V0117,2024-11-22,Insurance Claim,K. Reddy,30662.96,1
S00485,V0180,2025-04-30,Motor Repair,N. Gupta,12463.27,7
S00486,V0037,2024-08-31,Oil Change,N. Gupta,2791.61,3
S00487,V0474,2026-01-04,Software Update,R. Sharma,456.79,2
S00488,V0324,2024-09-29,Suspension Work,M. Khan,3412.28,3
S00489,V0363,2026-04-20,Battery Check,P. Nair,1617.84,1
S00490,V0348,2025-07-02,Software Update,S. Iyer,1093.19,5
S00491,V0192,2025-11-01,Brake Repair,D. Singh,6675.37,1
S00492,V0279,2024-08-27,Oil Change,D. Singh,1510.9,7
S00493,V0310,2025-08-08,Oil Change,S. Iyer,2479.57,1
S00494,V0384,2025-03-16,General Service,A. Verma,2466.31,7
S00495,V0519,2024-10-21,General Service,,2348.95,1
S00496,V0195,2025-07-01,AC Repair,,4582.48,2
S00497,V0336,2025-11-16,Brake Repair,A. Verma,5158.91,1
S00498,V0211,2026-02-06,General Service,,1120.66,1
S00499,V0005,2025-01-05,Tyre Replacement,A. Verma,9100.73,3
S00500,V0479,2025-03-15,Motor Repair,R. Sharma,22245.48,2
S00501,V0215,2024-11-14,Motor Repair,P. Nair,11715.8,3
S00502,V0452,2025-03-02,Software Update,S. Iyer,910.82,2
S00503,V0118,2026-01-16,General Service,,2932.28,1
S00504,V0212,2025-12-22,Motor Repair,P. Nair,16368.54,1
S00505,V0291,2025-07-01,Oil Change,P. Nair,1453.31,3
S00506,V0455,2025-08-03,Brake Repair,R. Sharma,3212.71,1
S00507,V0393,2026-03-17,Brake Repair,S. Iyer,4162.44,7
S00508,V0365,2024-11-05,Software Update,,1128.36,1
S00509,V0477,2026-02-06,General Service,N. Gupta,2975.65,1
S00510,V0467,2025-11-11,Tyre Replacement,N. Gupta,5221.71,7
S00511,V0238,2025-01-06,Motor Repair,D. Singh,19051.42,5
S00512,V0188,2026-05-08,Insurance Claim,D. Singh,300.0,7
S00513,V0500,2025-11-24,Battery Check,D. Singh,2103.1,7
S00514,V0473,2024-12-08,Brake Repair,S. Iyer,1642.62,1
S00515,V0416,2024-11-18,Battery Check,A. Verma,1309.72,2
S00516,V0546,2025-06-11,Motor Repair,K. Reddy,9121.73,2
S00517,V0250,,Brake Repair,K. Reddy,2296.82,1
S00518,V0349,2025-01-09,Oil Change,K. Reddy,2531.32,5
S00519,V0351,2024-12-06,Suspension Work,S. Iyer,5854.13,1
S00520,V0499,2024-09-03,Battery Check,N. Gupta,1681.91,3
S00521,V0100,2025-01-14,Brake Repair,A. Verma,4131.03,1
S00522,V0389,2026-05-15,AC Repair,R. Sharma,4084.38,1
S00523,V0223,2025-05-27,Brake Repair,R. Sharma,4312.93,1
S00524,V0153,2025-09-09,Motor Repair,K. Reddy,8264.29,7
S00525,V0201,2026-01-15,Oil Change,D. Singh,2427.65,2
S00526,V0312,2026-08-08,Software Update,D. Singh,661.75,1
S00527,V0009,2025-01-31,Body Repair,K. Reddy,5462.36,1
S00528,V0302,2025-06-29,Battery Check,R. Sharma,1275.24,3
S00529,V0113,2024-10-05,Tyre Replacement,M. Khan,9151.6,5
S00530,V0404,2025-06-30,Insurance Claim,K. Reddy,32439.44,5
S00531,V0391,2024-09-28,Software Update,S. Iyer,702.38,7
S00532,V0143,2024-11-10,Oil Change,D. Singh,1579.97,5
S00533,V0158,2025-05-14,Tyre Replacement,S. Iyer,5324.57,1
S00534,V0012,2026-07-12,Battery Check,S. Iyer,2590.29,7
S00535,V0448,2026-01-24,General Service,K. Reddy,2834.19,7
S00536,V0436,2025-02-18,Software Update,,920.41,7
S00537,V0394,2026-06-07,Brake Repair,R. Sharma,5714.52,7
S00538,V0243,2025-01-01,General Service,D. Singh,2708.94,1
S00539,V0039,2024-08-22,Body Repair,D. Singh,10912.02,1
S00540,V0494,2025-12-17,Motor Repair,N. Gupta,13969.16,1
S00541,V0536,2025-04-14,Software Update,A. Verma,779.95,2
S00542,V0055,2025-03-18,AC Repair,R. Sharma,3454.4,7
S00543,V0465,2025-03-14,Suspension Work,D. Singh,8782.69,5
S00544,V0362,2025-11-08,Battery Check,P. Nair,1527.27,2
S00545,V0063,2025-07-02,Insurance Claim,S. Iyer,31410.6,1
S00546,V0299,2025-02-22,Brake Repair,A. Verma,4081.35,1
S00547,V0518,2025-08-16,Battery Check,P. Nair,1541.28,2
S00548,V0136,2025-04-23,Brake Repair,R. Sharma,1262.64,1
S00549,V0179,2024-11-11,Body Repair,N. Gupta,15848.58,3
S00550,V0180,2025-12-24,Tyre Replacement,M. Khan,6727.63,7
S00551,V0186,2026-01-03,Suspension Work,D. Singh,9445.12,1
S00552,V0149,2026-03-08,Body Repair,S. Iyer,300.0,7
S00553,V0423,2024-11-25,Software Update,S. Iyer,1384.74,2
S00554,V0354,2025-05-12,General Service,A. Verma,2377.86,1
S00555,V0172,2026-04-06,Motor Repair,P. Nair,20817.96,7
S00556,V0546,2026-02-16,Oil Change,K. Reddy,1144.86,7
S00557,V0269,2025-10-26,Brake Repair,K. Reddy,5100.78,1
S00558,V0296,2025-11-07,Motor Repair,,9469.57,1
S00559,V0100,2025-02-12,Suspension Work,K. Reddy,5471.77,2
S00560,V0344,2025-03-11,Battery Check,P. Nair,2504.87,5
S00561,V0473,2025-10-23,Insurance Claim,M. Khan,23331.53,3
S00562,V0185,2024-10-24,AC Repair,R. Sharma,3766.36,1
S00563,V0013,2024-11-07,Oil Change,N. Gupta,2348.14,3
S00564,V0225,2025-11-25,Oil Change,R. Sharma,2112.28,1
S00565,V0059,2025-11-04,Body Repair,M. Khan,12631.76,1
S00566,V0123,2024-09-20,Battery Check,S. Iyer,1691.6,5
S00567,V0190,2026-07-30,Battery Check,P. Nair,2761.79,2
S00568,V0479,2026-05-30,Insurance Claim,N. Gupta,24495.84,2
S00569,V0438,2026-04-11,Insurance Claim,D. Singh,26759.62,2
S00570,V0166,2025-01-10,Oil Change,K. Reddy,2461.91,5
S00571,V0341,,Brake Repair,S. Iyer,5825.12,7
S00572,V0072,2024-11-02,Motor Repair,M. Khan,21231.91,5
S00573,V0183,2026-07-11,Insurance Claim,S. Iyer,30588.89,5
S00574,V0224,2025-11-17,Body Repair,N. Gupta,7199.38,2
S00575,V0106,2025-03-30,General Service,P. Nair,3929.25,7
S00576,V0020,2025-08-03,General Service,R. Sharma,1496.95,1
S00577,V0400,2026-03-01,Motor Repair,K. Reddy,16588.84,1
S00578,V0528,2025-09-16,Motor Repair,K. Reddy,11040.05,1
S00579,V0232,2024-12-12,General Service,N. Gupta,2443.88,1
S00580,V0549,2024-11-23,Motor Repair,K. Reddy,16726.0,1
S00581,V0093,2025-06-23,AC Repair,D. Singh,3893.66,1
S00582,V0471,2026-01-24,Tyre Replacement,S. Iyer,6886.03,1
S00583,V0394,2026-06-04,General Service,K. Reddy,3912.0,1
S00584,V0368,2026-02-28,General Service,N. Gupta,2896.84,2
S00585,V0144,2026-05-02,Software Update,N. Gupta,731.64,5
S00586,V0065,2025-10-05,Suspension Work,N. Gupta,9362.01,7
S00587,V0017,2025-05-02,General Service,D. Singh,3540.79,1
S00588,V0416,2025-05-16,General Service,,1425.84,7
S00589,V0550,2025-11-25,Brake Repair,M. Khan,5078.18,1
S00590,V0038,2024-11-15,Brake Repair,R. Sharma,5230.72,7
S00591,V0047,2025-07-06,Oil Change,S. Iyer,1612.53,1
S00592,V0177,2025-08-09,Brake Repair,A. Verma,6222.29,7
S00593,V0175,2025-09-08,Oil Change,A. Verma,1705.46,7
S00594,V0226,2026-07-19,Battery Check,K. Reddy,1565.93,3
S00595,V0412,,Software Update,D. Singh,751.54,2
S00596,V0047,2024-12-22,Oil Change,A. Verma,1809.81,2
S00597,V0145,2025-03-10,Motor Repair,,9244.56,1
S00598,V0450,2026-07-30,Oil Change,R. Sharma,892.77,1
S00599,V0103,2025-03-21,Insurance Claim,S. Iyer,38951.92,1
S00600,V0499,2026-07-21,Oil Change,A. Verma,1266.41,2
S00601,V0427,2024-10-05,Motor Repair,M. Khan,9795.19,1
S00602,V0278,2026-08-02,Suspension Work,M. Khan,1724.19,1
S00603,V0039,2025-01-08,Software Update,A. Verma,621.09,2
S00604,V0357,2026-04-09,Oil Change,M. Khan,966.45,1
S00605,V0543,2025-08-18,Battery Check,,2362.06,2
S00606,V0476,2025-09-15,Insurance Claim,P. Nair,33835.9,1
S00607,V0199,2025-09-01,Battery Check,N. Gupta,1138.72,7
S00608,V0181,2024-10-15,Brake Repair,R. Sharma,7511.08,1
S00609,V0373,2025-07-07,Brake Repair,D. Singh,5643.2,7
S00610,V0045,2025-08-29,Battery Check,,1329.46,1
S00611,V0162,2025-10-07,General Service,A. Verma,313.02,1
S00612,V0241,2025-06-03,Motor Repair,D. Singh,27027.45,5
S00613,V0204,2025-11-08,Insurance Claim,M. Khan,12841.24,1
S00614,V0334,2025-01-20,General Service,K. Reddy,1060.28,2
S00615,V0385,2024-08-24,Software Update,R. Sharma,1086.32,5
S00616,V0149,2025-10-14,Oil Change,N. Gupta,3337.04,1
S00617,V0397,2025-10-28,General Service,M. Khan,3711.24,3
S00618,V0277,2024-08-28,Battery Check,R. Sharma,1796.05,2
S00619,V0140,2026-07-01,Battery Check,N. Gupta,1812.25,5
S00620,V0176,2025-08-31,Brake Repair,S. Iyer,5454.52,1
S00621,V0236,2025-08-25,Battery Check,,1898.44,7
S00622,V0222,2026-01-30,Body Repair,N. Gupta,13181.0,2
S00623,V0015,2025-02-27,Software Update,M. Khan,829.18,2
S00624,V0336,2026-05-07,Software Update,S. Iyer,782.47,1
S00625,V0428,2025-03-26,Software Update,,588.89,1
S00626,V0436,2025-03-06,Battery Check,N. Gupta,1352.65,7
S00627,V0247,2024-11-17,Battery Check,R. Sharma,611.2,5
S00628,V0224,2025-02-01,Brake Repair,M. Khan,4055.44,1
S00629,V0017,2025-09-16,Motor Repair,S. Iyer,9809.9,7
S00630,V0025,2025-03-23,Motor Repair,S. Iyer,9206.16,5
S00631,V0190,2025-12-02,AC Repair,R. Sharma,3720.37,1
S00632,V0395,2026-07-11,AC Repair,P. Nair,5205.2,5
S00633,V0277,2025-03-13,Body Repair,M. Khan,15856.93,1
S00634,V0344,2024-11-27,General Service,D. Singh,1125.81,1
S00635,V0114,2026-05-22,Software Update,R. Sharma,522.9,3
S00636,V0376,2024-09-28,Brake Repair,A. Verma,5582.93,2
S00637,V0142,2026-08-08,Oil Change,N. Gupta,1181.03,2
S00638,V0231,2026-08-15,Motor Repair,,13820.68,5
S00639,V0284,2025-01-22,Brake Repair,N. Gupta,5008.58,7
S00640,V0514,2024-11-14,Suspension Work,N. Gupta,4627.56,2
S00641,V0463,2025-12-09,Body Repair,A. Verma,12442.58,2
S00642,V0469,2025-11-27,Software Update,P. Nair,426.47,1
S00643,V0112,2026-08-02,Software Update,N. Gupta,631.62,1
S00644,V0210,2025-04-16,Suspension Work,R. Sharma,7783.47,2
S00645,V0427,2026-07-14,Insurance Claim,S. Iyer,11061.3,7
S00646,V0356,2026-05-30,Software Update,R. Sharma,923.33,2
S00647,V0194,2025-03-03,Software Update,,794.5,3
S00648,V0422,2024-11-27,Body Repair,D. Singh,14320.46,7
S00649,V0543,2026-06-09,Suspension Work,P. Nair,7548.59,1
S00650,V0314,2025-03-25,Brake Repair,M. Khan,6205.29,7
S00651,V0381,2026-08-12,Tyre Replacement,R. Sharma,6262.97,1
S00652,V0362,2025-11-22,Tyre Replacement,S. Iyer,5098.25,1
S00653,V0549,2024-08-29,Software Update,S. Iyer,834.24,1
S00654,V0244,2025-05-08,Motor Repair,S. Iyer,17852.31,7
S00655,V0267,2026-02-06,Battery Check,D. Singh,1525.65,3
S00656,V0152,2025-03-14,AC Repair,S. Iyer,3549.72,2
S00657,V0125,2025-02-25,General Service,N. Gupta,1885.76,1
S00658,V0470,2024-09-02,General Service,,1919.96,3
S00659,V0303,2025-12-15,Motor Repair,S. Iyer,7636.32,7
S00660,V0347,2026-05-18,Battery Check,R. Sharma,2418.53,1
S00661,V0120,2026-07-09,General Service,M. Khan,1411.62,7
S00662,V0366,2025-10-22,Software Update,,605.99,2
S00663,V0285,2026-02-01,General Service,N. Gupta,1871.39,1
S00664,V0525,2026-01-07,Motor Repair,,19698.35,1
S00665,V0370,2026-07-14,Software Update,D. Singh,717.41,5
S00666,V0382,2025-02-26,Brake Repair,P. Nair,6034.18,7
S00667,V0090,2025-11-22,Oil Change,N. Gupta,1375.7,5
S00668,V0454,2025-11-06,General Service,K. Reddy,2744.12,5
S00669,V0143,2025-01-19,Body Repair,S. Iyer,8491.54,2
S00670,V0311,2025-07-11,Motor Repair,,26262.03,3
S00671,V0068,2025-04-16,Body Repair,A. Verma,7012.09,1
S00672,V0420,2025-01-18,Insurance Claim,K. Reddy,27710.93,1
S00673,V0474,2025-11-25,Body Repair,S. Iyer,14661.86,2
S00674,V0191,2026-05-11,Brake Repair,R. Sharma,4808.28,2
S00675,V0312,2025-06-07,Motor Repair,N. Gupta,14027.24,2
S00676,V0028,2025-07-14,Brake Repair,N. Gupta,4009.16,1
S00677,V0295,2026-02-06,Software Update,R. Sharma,812.27,1
S00678,V0284,2025-07-05,Motor Repair,A. Verma,14228.24,3
S00679,V0493,2024-12-08,Body Repair,P. Nair,16048.29,7
S00680,V0123,2025-08-07,AC Repair,R. Sharma,6207.89,2
S00681,V0167,2025-08-19,Motor Repair,N. Gupta,12073.17,1
S00682,V0366,2025-07-23,Motor Repair,K. Reddy,7808.53,3
S00683,V0050,2026-04-10,Battery Check,,1453.65,2
S00684,V0188,2024-12-28,Battery Check,S. Iyer,2854.35,3
S00685,V0324,2025-10-12,Insurance Claim,P. Nair,17967.85,3
S00686,V0099,2026-07-12,Suspension Work,S. Iyer,11015.84,1
S00687,V0141,2024-12-31,Software Update,K. Reddy,1269.76,3
S00688,V0167,2025-03-16,Software Update,M. Khan,645.0,1
S00689,V0428,2025-04-05,Motor Repair,A. Verma,17987.16,1
S00690,V0018,2026-05-31,Motor Repair,S. Iyer,23549.08,7
S00691,V0536,2026-04-11,Motor Repair,R. Sharma,13009.58,1
S00692,V0228,2026-01-06,Brake Repair,S. Iyer,3900.74,2
S00693,V0315,2025-01-06,Battery Check,K. Reddy,1194.62,1
S00694,V0080,2024-12-04,General Service,K. Reddy,1612.09,1
S00695,V0202,,General Service,,1931.88,1
S00696,V0481,2025-07-20,Battery Check,R. Sharma,857.43,1
S00697,V0309,2025-12-06,Oil Change,A. Verma,1821.47,2
S00698,V0205,2025-06-12,Brake Repair,R. Sharma,3068.14,1
S00699,V0150,2026-02-02,Tyre Replacement,D. Singh,6490.95,3
S00700,V0165,2024-11-30,Suspension Work,M. Khan,3188.06,1
S00701,V0102,2026-02-21,Body Repair,,13389.7,2
S00702,V0197,2024-08-30,General Service,R. Sharma,3229.34,1
S00703,V0220,2024-11-02,Suspension Work,N. Gupta,2115.35,3
S00704,V0190,2025-05-29,Motor Repair,A. Verma,16963.8,1
S00705,V0364,2024-11-10,Software Update,,1143.75,2
S00706,V0418,2024-08-31,Battery Check,D. Singh,864.94,1
S00707,V0478,2026-04-21,Battery Check,N. Gupta,2378.1,3
S00708,V0296,2026-07-06,Suspension Work,A. Verma,8026.6,3
S00709,V0506,2024-11-26,Battery Check,N. Gupta,1129.87,2
S00710,V0455,2026-03-07,Oil Change,P. Nair,1764.87,5
S00711,V0194,2025-03-05,Battery Check,N. Gupta,1793.12,3
S00712,V0184,2026-07-09,General Service,N. Gupta,2566.5,1
S00713,V0406,2025-11-03,Motor Repair,A. Verma,17828.47,1
S00714,V0147,2026-03-24,Software Update,A. Verma,542.21,1
S00715,V0067,2024-08-28,AC Repair,D. Singh,3707.47,2
S00716,V0414,2026-03-23,Software Update,N. Gupta,404.16,2
S00717,V0280,2025-09-22,Insurance Claim,D. Singh,24026.77,7
S00718,V0415,2026-04-12,Motor Repair,S. Iyer,10254.48,7
S00719,V0111,2026-05-07,Software Update,M. Khan,594.05,1
S00720,V0031,2024-10-23,Battery Check,A. Verma,2148.95,7
S00721,V0028,2024-12-01,Brake Repair,D. Singh,5804.23,1
S00722,V0311,2026-02-28,Body Repair,A. Verma,14558.38,7
S00723,V0478,2026-06-05,Software Update,N. Gupta,494.15,2
S00724,V0352,2026-04-10,Suspension Work,R. Sharma,6224.8,5
S00725,V0122,2025-04-03,Software Update,K. Reddy,1139.67,7
S00726,V0471,2025-08-07,General Service,P. Nair,2624.0,1
S00727,V0504,2025-02-16,General Service,K. Reddy,4529.41,7
S00728,V0113,2025-09-23,Body Repair,,13651.93,7
S00729,V0488,2025-03-05,Suspension Work,,7470.52,1
S00730,V0401,2025-09-23,Tyre Replacement,K. Reddy,5350.86,3
S00731,V0292,2024-09-06,General Service,R. Sharma,2616.85,1
S00732,V0376,2024-09-23,AC Repair,R. Sharma,3313.22,3
S00733,V0390,2025-09-24,Battery Check,D. Singh,1871.76,5
S00734,V0360,2024-11-04,General Service,M. Khan,3337.11,2
S00735,V0320,2026-05-31,Battery Check,P. Nair,1087.36,1
S00736,V0346,2025-06-21,Motor Repair,R. Sharma,8011.03,7
S00737,V0433,2024-08-22,Body Repair,K. Reddy,4287.94,2
S00738,V0021,2025-02-01,Motor Repair,D. Singh,17666.95,5
S00739,V0400,2025-02-03,AC Repair,N. Gupta,2148.38,1
S00740,V0211,2025-05-30,AC Repair,D. Singh,862.71,1
S00741,V0307,2025-05-07,AC Repair,M. Khan,3976.01,7
S00742,V0078,2025-03-19,Brake Repair,R. Sharma,-1.0,2
S00743,V0412,2026-06-26,Oil Change,A. Verma,1796.18,1
S00744,V0345,2026-01-04,General Service,N. Gupta,3233.68,5
S00745,V0215,2026-01-06,AC Repair,P. Nair,3600.24,2
S00746,V0444,2026-01-26,Insurance Claim,M. Khan,24134.72,5
S00747,V0412,2026-06-12,Tyre Replacement,N. Gupta,7930.06,1
S00748,V0020,2025-08-16,Insurance Claim,S. Iyer,22460.1,7
S00749,V0219,2026-08-16,Insurance Claim,N. Gupta,27339.68,2
S00750,V0546,2025-02-02,Body Repair,K. Reddy,13351.13,1
S00751,V0535,2026-07-22,Oil Change,S. Iyer,1379.1,2
S00752,V0155,2025-03-16,Insurance Claim,K. Reddy,33680.37,5
S00753,V0327,2024-10-16,Battery Check,K. Reddy,1408.15,2
S00754,V0294,2025-04-22,Software Update,K. Reddy,588.39,2
S00755,V0117,2025-05-12,Oil Change,P. Nair,2138.0,7
S00756,V0498,2026-06-28,Suspension Work,K. Reddy,4798.75,1
S00757,V0207,2024-10-22,Battery Check,P. Nair,1514.8,2
S00758,V0181,2024-09-22,Insurance Claim,N. Gupta,24920.21,1
S00759,V0057,2024-12-10,Motor Repair,A. Verma,20700.95,5
S00760,V0373,2025-07-01,Insurance Claim,A. Verma,29153.61,5
S00761,V0144,2025-04-23,Battery Check,,1486.86,2
S00762,V0509,2025-01-01,Battery Check,D. Singh,1929.33,3
S00763,V0400,2025-06-28,Oil Change,M. Khan,2675.83,1
S00764,V0110,2026-06-05,Brake Repair,N. Gupta,5019.98,5
S00765,V0261,2026-01-06,General Service,D. Singh,2509.06,1
S00766,V0325,2025-11-21,Suspension Work,M. Khan,3786.0,2
S00767,V0149,2025-03-19,AC Repair,D. Singh,2195.24,2
S00768,V0022,2026-05-23,Insurance Claim,R. Sharma,22329.28,1
S00769,V0246,2025-03-08,Tyre Replacement,P. Nair,4720.02,3
S00770,V0125,2025-08-21,Suspension Work,N. Gupta,6541.92,5
S00771,V0009,2025-05-18,Software Update,P. Nair,815.86,2
S00772,V0093,2025-03-04,Oil Change,N. Gupta,2133.71,3
S00773,V0417,2026-06-16,Oil Change,N. Gupta,1755.59,7
S00774,V0423,2026-03-28,AC Repair,A. Verma,4095.96,1
S00775,V0268,2026-03-21,Brake Repair,,4294.78,3
S00776,V0465,2026-05-13,General Service,S. Iyer,771.47,7
S00777,V0140,2026-08-06,General Service,P. Nair,1678.08,3
S00778,V0085,2026-03-13,General Service,S. Iyer,2373.92,5
S00779,V0328,2024-12-07,Motor Repair,S. Iyer,8649.1,2
S00780,V0178,,Insurance Claim,D. Singh,30249.38,2
S00781,V0204,2025-07-14,Battery Check,S. Iyer,2303.64,5
S00782,V0387,2026-03-27,Battery Check,,2139.85,2
S00783,V0092,2026-08-05,Software Update,R. Sharma,740.24,5
S00784,V0440,2026-04-09,Battery Check,D. Singh,2282.63,1
S00785,V0121,2024-11-12,General Service,K. Reddy,2630.08,7
S00786,V0507,2025-06-30,Oil Change,M. Khan,1587.64,2
S00787,V0295,2026-02-04,Software Update,M. Khan,628.25,2
S00788,V0290,2024-12-05,Oil Change,K. Reddy,1609.44,1
S00789,V0030,2025-04-15,Tyre Replacement,M. Khan,5184.83,7
S00790,V0255,2024-11-23,AC Repair,N. Gupta,3708.76,1
S00791,V0011,2026-03-06,Brake Repair,K. Reddy,4436.04,2
S00792,V0393,2025-05-06,Software Update,P. Nair,800.85,1
S00793,V0098,2025-08-18,Motor Repair,M. Khan,17293.93,7
S00794,V0363,2025-08-08,Body Repair,R. Sharma,17000.71,1
S00795,V0260,2026-08-03,Suspension Work,P. Nair,9326.41,5
S00796,V0380,2025-11-04,Brake Repair,,2017.2,1
S00797,V0184,2025-11-30,Brake Repair,D. Singh,445.74,7
S00798,V0136,2024-12-01,Battery Check,,1990.52,5
S00799,V0146,2026-07-13,Oil Change,S. Iyer,938.87,7
S00800,V0288,2026-06-26,AC Repair,P. Nair,3224.66,2
S00801,V0271,2025-05-29,Software Update,D. Singh,472.37,7
S00802,V0155,2025-09-27,Suspension Work,N. Gupta,2585.15,1
S00803,V0194,2025-09-19,Software Update,R. Sharma,951.61,7
S00804,V0267,2025-08-17,Brake Repair,K. Reddy,5315.96,1
S00805,V0507,2025-09-17,General Service,,1995.55,7
S00806,V0469,2025-02-06,Software Update,A. Verma,300.0,3
S00807,V0096,2024-10-22,Oil Change,S. Iyer,1455.87,1
S00808,V0521,2026-01-26,Tyre Replacement,M. Khan,6822.79,1
S00809,V0539,2025-09-11,Battery Check,M. Khan,723.57,7
S00810,V0097,2026-03-12,Battery Check,K. Reddy,1596.26,3
S00811,V0109,2026-04-07,Battery Check,N. Gupta,1491.96,7
S00812,V0465,2025-01-29,Insurance Claim,R. Sharma,30068.8,3
S00813,V0045,2024-10-24,Insurance Claim,N. Gupta,26046.33,3
S00814,V0133,2025-05-13,Oil Change,P. Nair,1186.97,3
S00815,V0057,2025-01-17,Battery Check,K. Reddy,2128.2,1
S00816,V0409,2026-05-05,Brake Repair,A. Verma,3966.96,1
S00817,V0214,2025-05-13,Brake Repair,K. Reddy,4159.86,2
S00818,V0158,2025-08-03,Brake Repair,P. Nair,2828.1,1
S00819,V0368,2024-11-27,Brake Repair,,3548.38,2
S00820,V0502,2024-11-10,Motor Repair,N. Gupta,10354.79,2
S00821,V0434,2026-06-19,Battery Check,D. Singh,1409.2,1
S00822,V0445,2025-05-12,Insurance Claim,R. Sharma,39977.45,3
S00823,V0475,2026-05-04,Software Update,N. Gupta,415.87,1
S00824,V0298,2026-03-14,Motor Repair,N. Gupta,6528.8,2
S00825,V0153,2024-12-01,Brake Repair,P. Nair,6362.62,2
S00826,V0536,2025-07-24,Battery Check,,1390.11,1
S00827,V0047,2026-04-24,Brake Repair,K. Reddy,3216.46,1
S00828,V0476,2025-09-29,Insurance Claim,P. Nair,34099.17,3
S00829,V0261,2026-07-03,General Service,R. Sharma,1970.09,1
S00830,V0474,2025-06-25,Brake Repair,K. Reddy,6884.23,1
S00831,V0086,2025-01-23,Software Update,P. Nair,989.82,3
S00832,V0466,2025-02-02,Insurance Claim,P. Nair,20730.78,3
S00833,V0192,2026-02-19,General Service,P. Nair,4387.64,1
S00834,V0445,2024-11-15,Software Update,A. Verma,630.4,1
S00835,V0176,2026-01-12,Insurance Claim,K. Reddy,31493.33,7
S00836,V0311,2024-12-04,Body Repair,D. Singh,13257.03,5
S00837,V0310,,Oil Change,M. Khan,2620.1,1
S00838,V0017,2026-01-12,Oil Change,M. Khan,2783.75,7
S00839,V0149,2025-06-28,Software Update,A. Verma,808.96,2
S00840,V0475,2024-09-30,Brake Repair,R. Sharma,3092.48,1
S00841,V0171,2024-11-07,Brake Repair,N. Gupta,4876.16,7
S00842,V0483,2025-10-21,General Service,M. Khan,1907.0,2
S00843,V0302,2025-08-05,Body Repair,K. Reddy,20456.23,1
S00844,V0342,2025-10-30,Software Update,K. Reddy,838.23,7
S00845,V0298,2024-12-15,General Service,N. Gupta,2180.34,7
S00846,V0238,2024-12-07,General Service,K. Reddy,2661.6,3
S00847,V0066,2024-12-03,Tyre Replacement,K. Reddy,3171.03,7
S00848,V0120,2025-02-17,Motor Repair,D. Singh,9899.03,7
S00849,V0447,2024-08-31,Software Update,N. Gupta,1136.12,3
S00850,V0449,2026-04-21,Oil Change,D. Singh,1386.16,7
S00851,V0135,2025-06-22,Tyre Replacement,K. Reddy,3801.49,5
S00852,V0369,2026-03-04,Motor Repair,S. Iyer,17817.43,2
S00853,V0290,2025-07-31,Battery Check,S. Iyer,2122.49,1
S00854,V0205,2024-12-02,Brake Repair,A. Verma,5256.86,5
S00855,V0506,2025-09-11,General Service,R. Sharma,3371.54,1
S00856,V0368,2026-07-16,Tyre Replacement,S. Iyer,4410.73,1
S00857,V0516,2025-07-31,General Service,D. Singh,1255.92,5
S00858,V0117,2026-02-01,General Service,M. Khan,3813.67,7
S00859,V0265,2025-07-12,AC Repair,R. Sharma,3104.72,2
S00860,V0155,2025-12-06,Suspension Work,A. Verma,6385.46,1
S00861,V0449,2024-08-31,Motor Repair,A. Verma,21973.02,1
S00862,V0105,2024-11-11,Battery Check,S. Iyer,1792.02,1
S00863,V0211,2024-10-04,Brake Repair,N. Gupta,4870.16,7
S00864,V0102,2025-12-04,Brake Repair,D. Singh,7382.55,1
S00865,V0126,2025-11-06,Oil Change,K. Reddy,1394.58,1
S00866,V0252,2024-12-26,Motor Repair,,19871.16,1
S00867,V0088,2024-12-17,Tyre Replacement,K. Reddy,6119.73,3
S00868,V0252,2025-06-07,Brake Repair,,4594.83,5
S00869,V0234,2025-06-27,Brake Repair,K. Reddy,6446.85,5
S00870,V0470,2026-07-16,Suspension Work,D. Singh,8244.2,1
S00871,V0454,2025-07-20,Brake Repair,,4991.3,1
S00872,V0087,2026-01-24,Software Update,K. Reddy,1100.3,1
S00873,V0403,2025-02-26,General Service,S. Iyer,2180.67,1
S00874,V0533,2025-10-14,Tyre Replacement,,4237.66,2
S00875,V0322,2025-04-02,Brake Repair,,2664.13,1
S00876,V0414,2025-02-04,Motor Repair,,4676.63,7
S00877,V0354,2026-07-03,Insurance Claim,M. Khan,42991.81,2
S00878,V0087,2025-03-08,General Service,K. Reddy,1534.69,1
S00879,V0533,2024-10-28,Oil Change,,1660.61,2
S00880,V0534,2025-05-24,AC Repair,S. Iyer,3160.9,1
S00881,V0029,2026-07-18,Suspension Work,M. Khan,7753.15,2
S00882,V0433,2026-02-16,Oil Change,D. Singh,2313.91,2
S00883,V0520,2025-06-10,General Service,A. Verma,3252.91,7
S00884,V0306,2024-10-01,Body Repair,N. Gupta,9551.07,3
S00885,V0242,2025-06-04,Body Repair,,11298.09,2
S00886,V0359,2026-04-15,General Service,S. Iyer,2747.26,5
S00887,V0533,2026-08-05,General Service,M. Khan,2282.4,3
S00888,V0466,2025-11-07,Brake Repair,K. Reddy,6562.8,1
S00889,V0095,2024-10-17,General Service,S. Iyer,2929.6,7
S00890,V0220,2026-01-10,General Service,,3143.02,5
S00891,V0532,2025-08-05,Software Update,N. Gupta,985.61,5
S00892,V0451,2025-12-12,Motor Repair,K. Reddy,21160.74,1
S00893,V0148,2025-06-14,Software Update,S. Iyer,850.69,1
S00894,V0218,2025-05-27,Motor Repair,S. Iyer,8191.63,3
S00895,V0122,2024-09-30,Body Repair,A. Verma,13678.69,1
S00896,V0379,2025-05-20,Software Update,A. Verma,617.62,3
S00897,V0313,2025-06-28,AC Repair,N. Gupta,2852.44,1
S00898,V0147,2025-03-07,Brake Repair,K. Reddy,5061.96,1
S00899,V0313,2024-11-06,General Service,N. Gupta,3583.5,1
S00900,V0126,2025-05-14,Battery Check,K. Reddy,1511.17,7
S00901,V0318,2026-03-14,Body Repair,D. Singh,13297.1,5
S00902,V0487,2025-04-24,Software Update,,1276.62,7
S00903,V0461,2025-02-13,Insurance Claim,D. Singh,27106.59,1
S00904,V0420,2024-12-18,Software Update,D. Singh,1528.47,1
S00905,V0454,2024-11-07,Tyre Replacement,S. Iyer,7187.57,1
S00906,V0317,2025-01-23,Suspension Work,,2686.13,1
S00907,V0198,2024-08-30,Body Repair,R. Sharma,15164.03,2
S00908,V0488,2026-06-17,Suspension Work,A. Verma,7933.84,1
S00909,V0020,2025-01-06,Tyre Replacement,M. Khan,8708.48,7
S00910,V0087,2025-01-16,Suspension Work,K. Reddy,8649.29,1
S00911,V0504,2026-07-02,General Service,S. Iyer,2378.85,5
S00912,V0025,2025-02-13,Motor Repair,A. Verma,8572.43,1
S00913,V0102,2024-10-23,Software Update,S. Iyer,741.47,2
S00914,V0092,2025-10-12,Software Update,S. Iyer,561.85,1
S00915,V0334,2024-09-23,Oil Change,P. Nair,1434.27,5
S00916,V0102,2026-08-13,Motor Repair,P. Nair,18090.04,5
S00917,V0124,2025-08-10,General Service,M. Khan,3961.17,7
S00918,V0521,2024-09-26,Battery Check,P. Nair,1707.2,1
S00919,V0326,2024-10-29,Motor Repair,A. Verma,8721.61,7
S00920,V0030,2025-04-04,Software Update,R. Sharma,924.49,2
S00921,V0104,2026-08-08,Oil Change,S. Iyer,2553.88,2
S00922,V0417,2026-02-22,General Service,,1966.44,2
S00923,V0146,2026-07-23,AC Repair,S. Iyer,3335.83,2
S00924,V0434,2025-08-22,Suspension Work,R. Sharma,7035.99,7
S00925,V0297,2025-04-08,Insurance Claim,R. Sharma,18132.14,1
S00926,V0494,2025-06-03,Tyre Replacement,K. Reddy,7361.39,3
S00927,V0218,2025-05-09,Body Repair,P. Nair,11492.02,1
S00928,V0166,2024-11-24,Suspension Work,P. Nair,8027.85,1
S00929,V0405,2025-12-28,Battery Check,,1034.07,2
S00930,V0443,2025-04-21,Oil Change,D. Singh,1524.4,3
S00931,V0268,2026-06-08,General Service,D. Singh,3132.08,3
S00932,V0216,2025-08-25,Motor Repair,D. Singh,13042.63,1
S00933,V0137,2025-08-24,Insurance Claim,N. Gupta,40110.93,1
S00934,V0010,2026-03-11,Software Update,K. Reddy,688.1,1
S00935,V0080,2024-09-08,Software Update,A. Verma,862.91,3
S00936,V0386,2026-03-26,Body Repair,S. Iyer,15916.88,1
S00937,V0128,2025-08-05,Software Update,N. Gupta,402.86,1
S00938,V0227,2026-05-19,General Service,D. Singh,959.29,2
S00939,V0093,2024-09-18,Body Repair,M. Khan,5592.24,2
S00940,V0506,2024-12-17,Brake Repair,M. Khan,6056.0,1
S00941,V0201,2026-01-02,Insurance Claim,P. Nair,20171.24,7
S00942,V0175,2024-10-18,General Service,S. Iyer,4738.42,1
S00943,V0132,2025-11-22,General Service,M. Khan,2006.28,2
S00944,V0197,2026-07-19,General Service,,2661.48,2
S00945,V0465,2025-02-07,General Service,R. Sharma,3849.35,3
S00946,V0443,2025-01-26,General Service,,4255.33,7
S00947,V0508,2026-01-02,AC Repair,R. Sharma,6025.34,2
S00948,V0049,2024-12-02,Tyre Replacement,,8537.57,7
S00949,V0324,2026-01-29,General Service,D. Singh,3396.05,1
S00950,V0026,2026-08-18,Oil Change,K. Reddy,2173.29,1
S00951,V0256,2025-08-23,Brake Repair,A. Verma,5344.19,1
S00952,V0029,2026-08-17,Motor Repair,R. Sharma,12106.27,3
S00953,V0257,2025-11-09,Oil Change,D. Singh,1284.53,1
S00954,V0342,2025-09-08,Suspension Work,A. Verma,6991.73,7
S00955,V0098,2026-03-06,Insurance Claim,A. Verma,23510.88,1
S00956,V0063,2025-07-15,General Service,A. Verma,2103.43,1
S00957,V0064,2024-11-25,General Service,K. Reddy,3109.34,1
S00958,V0105,2025-03-22,Battery Check,P. Nair,2001.54,5
S00959,V0412,2025-11-20,Battery Check,K. Reddy,1546.41,2
S00960,V0011,2026-07-10,Motor Repair,K. Reddy,22757.03,1
S00961,V0348,2024-09-20,Insurance Claim,R. Sharma,15010.22,7
S00962,V0530,2026-01-25,AC Repair,A. Verma,3262.77,1
S00963,V0013,2026-01-03,Body Repair,M. Khan,8989.35,1
S00964,V0522,2025-02-12,Tyre Replacement,N. Gupta,2080.27,7
S00965,V0191,2026-08-20,Oil Change,R. Sharma,1747.91,1
S00966,V0320,2025-11-08,Body Repair,D. Singh,11488.66,2
S00967,V0150,2026-07-23,Brake Repair,D. Singh,6424.77,2
S00968,V0378,2025-10-10,General Service,S. Iyer,3051.96,1
S00969,V0244,2026-08-18,Suspension Work,,4490.74,1
S00970,V0433,2024-11-01,Oil Change,M. Khan,2968.08,1
S00971,V0350,2024-09-01,Oil Change,N. Gupta,2569.25,3
S00972,V0344,2026-03-05,Motor Repair,S. Iyer,18056.01,1
S00973,V0466,2025-04-05,General Service,R. Sharma,2301.83,2
S00974,V0236,2026-05-18,Motor Repair,M. Khan,9962.94,7
S00975,V0340,2026-03-27,Software Update,R. Sharma,695.78,3
S00976,V0011,2026-06-07,Battery Check,,2071.59,1
S00977,V0146,2025-08-21,Tyre Replacement,D. Singh,9957.63,1
S00978,V0031,2025-07-20,Oil Change,M. Khan,2772.24,2
S00979,V0179,2024-12-24,AC Repair,M. Khan,2901.16,1
S00980,V0201,2025-03-26,Brake Repair,A. Verma,2554.16,1
S00981,V0141,2024-10-10,Software Update,A. Verma,839.45,3
S00982,V0216,2025-10-17,Tyre Replacement,D. Singh,2286.28,3
S00983,V0176,2025-05-07,Suspension Work,K. Reddy,7791.76,1
S00984,V0122,2024-10-12,Brake Repair,S. Iyer,3983.02,2
S00985,V0197,2026-01-23,Suspension Work,D. Singh,5858.21,3
S00986,V0440,2025-07-24,Battery Check,M. Khan,662.78,2
S00987,V0153,2026-08-12,General Service,P. Nair,2949.4,1
S00988,V0521,2026-08-07,Body Repair,M. Khan,9762.66,1
S00989,V0482,2026-03-02,Insurance Claim,S. Iyer,14763.23,5
S00990,V0522,2025-07-11,AC Repair,N. Gupta,300.0,1
S00991,V0330,2026-06-28,AC Repair,N. Gupta,3466.29,7
S00992,V0486,2026-07-10,Tyre Replacement,R. Sharma,9721.73,2
S00993,V0225,2026-08-02,Oil Change,M. Khan,2846.59,5
S00994,V0224,2025-08-13,Tyre Replacement,K. Reddy,5040.1,1
S00995,V0384,2025-05-14,Tyre Replacement,S. Iyer,4735.35,1
S00996,V0303,2025-03-19,Motor Repair,M. Khan,17461.06,1
S00997,V0477,2025-06-17,Suspension Work,K. Reddy,4553.96,7
S00998,V0479,2025-11-17,Software Update,N. Gupta,884.5,3
S00999,V0280,2026-01-01,Brake Repair,M. Khan,5326.14,2
S01000,V0078,2025-07-10,AC Repair,P. Nair,5002.99,1
S01001,V0284,2025-08-31,Oil Change,D. Singh,1736.9,1
S01002,V0206,2025-11-21,Motor Repair,P. Nair,13930.71,2
S01003,V0282,2025-04-08,Oil Change,S. Iyer,1246.87,2
S01004,V0009,2024-10-22,Motor Repair,K. Reddy,10658.88,5
S01005,V0013,2025-06-20,Motor Repair,S. Iyer,13810.99,5
S01006,V0234,2025-07-17,Oil Change,M. Khan,2031.44,7
S01007,V0240,2026-05-25,Suspension Work,,9238.28,7
S01008,V0473,2026-08-16,AC Repair,D. Singh,2516.11,2
S01009,V0440,2024-09-22,Software Update,,1217.95,1
S01010,V0384,2026-08-06,Brake Repair,S. Iyer,3801.45,2
S01011,V0010,2024-10-02,Motor Repair,D. Singh,14887.82,3
S01012,V0231,2026-03-22,Software Update,K. Reddy,590.78,2
S01013,V0334,2026-01-15,Oil Change,S. Iyer,300.0,1
S01014,V0339,2025-10-05,Body Repair,K. Reddy,15712.99,5
S01015,V0210,2024-12-12,Brake Repair,M. Khan,5283.16,7
S01016,V0112,2024-11-06,AC Repair,N. Gupta,3155.37,2
S01017,V0096,2025-05-23,General Service,S. Iyer,2558.62,1
S01018,V0501,2025-10-12,Battery Check,K. Reddy,1770.87,2
S01019,V0211,2026-05-08,General Service,A. Verma,1132.77,7
S01020,V0059,2025-02-01,AC Repair,S. Iyer,2851.91,3
S01021,V0421,2026-05-23,Oil Change,S. Iyer,2300.39,5
S01022,V0490,2025-12-24,Battery Check,M. Khan,841.5,1
S01023,V0211,2025-05-04,Tyre Replacement,N. Gupta,6616.47,1
S01024,V0318,2025-07-30,General Service,N. Gupta,1312.99,2
S01025,V0207,2025-09-17,General Service,N. Gupta,2908.13,1
S01026,V0409,2026-04-12,Body Repair,,11850.31,3
S01027,V0503,2024-11-09,Motor Repair,R. Sharma,6520.56,1
S01028,V0295,2024-12-31,Insurance Claim,N. Gupta,35191.47,3
S01029,V0305,2024-11-09,Software Update,S. Iyer,594.31,5
S01030,V0256,2026-07-24,Brake Repair,K. Reddy,3008.93,7
S01031,V0394,2025-06-08,General Service,A. Verma,2675.5,5
S01032,V0045,2025-07-04,Oil Change,S. Iyer,2523.64,2
S01033,V0299,2025-06-11,Insurance Claim,M. Khan,16111.56,7
S01034,V0422,2024-10-08,Brake Repair,A. Verma,4290.67,1
S01035,V0517,2025-04-29,AC Repair,S. Iyer,4025.3,2
S01036,V0213,2025-11-06,Oil Change,A. Verma,2236.66,7
S01037,V0391,2025-01-24,AC Repair,M. Khan,3716.14,5
S01038,V0039,2026-02-14,Software Update,D. Singh,697.23,7
S01039,V0497,2024-11-13,Software Update,N. Gupta,568.27,1
S01040,V0483,,Tyre Replacement,S. Iyer,6180.9,1
S01041,V0103,2025-09-24,Software Update,S. Iyer,499.8,1
S01042,V0012,2026-07-16,Software Update,D. Singh,300.0,1
S01043,V0222,2024-12-06,General Service,,2881.99,2
S01044,V0453,2025-01-25,General Service,,3290.94,1
S01045,V0400,2025-10-11,Tyre Replacement,R. Sharma,1037.84,1
S01046,V0387,2026-08-14,Oil Change,D. Singh,1163.87,2
S01047,V0205,2026-03-10,Oil Change,R. Sharma,2190.07,3
S01048,V0197,2024-10-06,Insurance Claim,M. Khan,43003.09,1
S01049,V0172,2026-04-05,General Service,A. Verma,2518.19,3
S01050,V0331,2026-03-22,Suspension Work,M. Khan,5216.39,5
S01051,V0439,2026-08-07,Battery Check,D. Singh,1403.98,3
S01052,V0178,2025-01-25,General Service,D. Singh,3703.02,1
S01053,V0399,2025-01-23,Oil Change,A. Verma,1393.04,2
S01054,V0378,2024-09-07,Oil Change,K. Reddy,1296.51,2
S01055,V0512,2026-02-27,Battery Check,S. Iyer,1246.56,2
S01056,V0098,2025-06-27,Software Update,S. Iyer,533.07,3
S01057,V0180,2025-02-22,Insurance Claim,D. Singh,26073.37,7
S01058,V0070,2024-12-28,Software Update,K. Reddy,1254.91,2
S01059,V0516,2024-12-03,Body Repair,R. Sharma,13356.93,2
S01060,V0022,2025-03-10,Body Repair,A. Verma,10940.12,2
S01061,V0243,2024-10-20,Software Update,A. Verma,718.29,1
S01062,V0141,2026-05-22,AC Repair,M. Khan,1585.09,1
S01063,V0385,2025-07-17,Oil Change,M. Khan,2356.36,7
S01064,V0337,2025-06-24,General Service,R. Sharma,2431.89,5
S01065,V0296,2025-01-25,Motor Repair,D. Singh,14052.48,2
S01066,V0211,2026-06-05,General Service,M. Khan,5293.97,2
S01067,V0391,2025-01-03,Suspension Work,N. Gupta,7731.94,1
S01068,V0067,2024-09-30,Oil Change,R. Sharma,1326.37,1
S01069,V0210,2026-06-07,General Service,,2126.94,2
S01070,V0242,2025-07-01,Software Update,P. Nair,1121.56,1
S01071,V0203,2026-07-27,Oil Change,M. Khan,1871.36,2
S01072,V0293,2025-03-27,Body Repair,M. Khan,5959.23,2
S01073,V0493,2025-01-14,Battery Check,D. Singh,1982.6,5
S01074,V0387,2026-07-11,Brake Repair,K. Reddy,3217.83,5
S01075,V0160,2025-08-09,Software Update,K. Reddy,1324.52,1
S01076,V0308,2025-09-17,Body Repair,,16536.2,1
S01077,V0264,2026-03-17,Software Update,N. Gupta,674.75,2
S01078,V0385,2026-07-28,Suspension Work,A. Verma,10138.49,3
S01079,V0140,2025-07-07,Oil Change,R. Sharma,1842.75,1
S01080,V0513,2026-06-20,AC Repair,K. Reddy,4544.65,5
S01081,V0383,2025-10-12,Software Update,A. Verma,935.73,5
S01082,V0040,2026-04-15,Battery Check,S. Iyer,1055.66,2
S01083,V0447,2025-10-06,Tyre Replacement,D. Singh,4648.55,7
S01084,V0378,2026-06-06,General Service,K. Reddy,3401.22,2
S01085,V0249,2025-01-14,Motor Repair,R. Sharma,13242.43,1
S01086,V0268,2026-02-01,Body Repair,S. Iyer,10304.68,2
S01087,V0254,2025-10-18,Body Repair,S. Iyer,7988.49,1
S01088,V0120,2024-12-05,Battery Check,K. Reddy,1722.39,5
S01089,V0083,2025-12-20,Suspension Work,K. Reddy,12053.19,1
S01090,V0438,2026-04-15,Tyre Replacement,,3758.18,5
S01091,V0316,2026-02-09,Software Update,A. Verma,806.78,1
S01092,V0353,2026-04-17,Oil Change,K. Reddy,2689.7,2
S01093,V0007,2026-02-08,Brake Repair,R. Sharma,4082.93,1
S01094,V0072,2024-09-01,Software Update,P. Nair,926.66,5
S01095,V0175,2026-06-08,Brake Repair,S. Iyer,2638.28,2
S01096,V0499,2026-07-05,Brake Repair,A. Verma,4829.61,7
S01097,V0218,2025-08-22,General Service,S. Iyer,2336.25,2
S01098,V0266,2025-04-10,Software Update,A. Verma,1076.0,1
S01099,V0082,2026-03-23,Oil Change,P. Nair,2548.05,1
S01100,V0351,2025-12-27,General Service,N. Gupta,4765.87,7
S01101,V0104,2025-03-02,Battery Check,R. Sharma,1804.31,1
S01102,V0217,2026-01-31,Suspension Work,K. Reddy,7798.2,2
S01103,V0498,2026-08-14,Motor Repair,K. Reddy,16020.52,3
S01104,V0380,2026-07-12,Insurance Claim,D. Singh,21909.79,2
S01105,V0370,2026-05-10,Battery Check,D. Singh,1677.7,3
S01106,V0103,2025-11-28,General Service,K. Reddy,2241.52,1
S01107,V0027,2025-12-02,Motor Repair,M. Khan,15884.42,3
S01108,V0463,2025-10-18,Body Repair,N. Gupta,17533.91,5
S01109,V0193,2024-09-17,General Service,D. Singh,1619.28,1
S01110,V0369,2026-02-18,General Service,D. Singh,3497.39,7
S01111,V0240,2025-01-06,Body Repair,A. Verma,17531.88,3
S01112,V0439,2026-01-13,Motor Repair,A. Verma,14380.14,5
S01113,V0301,2026-03-11,Oil Change,,463.23,1
S01114,V0131,2025-11-04,Motor Repair,P. Nair,11808.93,7
S01115,V0173,2025-01-26,Motor Repair,N. Gupta,21809.22,2
S01116,V0250,2025-01-22,General Service,A. Verma,2479.99,1
S01117,V0446,2025-01-08,Brake Repair,K. Reddy,2731.03,2
S01118,V0226,2025-12-31,Tyre Replacement,A. Verma,4939.97,1
S01119,V0548,2026-07-21,Insurance Claim,A. Verma,32355.43,3
S01120,V0230,2025-05-19,Body Repair,A. Verma,14296.28,3
S01121,V0387,2025-05-14,Software Update,,733.1,5
S01122,V0239,2025-03-30,Brake Repair,A. Verma,3660.77,1
S01123,V0092,2025-04-03,AC Repair,M. Khan,3020.1,1
S01124,V0377,2026-04-12,Brake Repair,K. Reddy,2844.06,1
S01125,V0319,2024-11-21,General Service,M. Khan,3913.45,5
S01126,V0434,2025-08-21,AC Repair,S. Iyer,3105.16,2
S01127,V0110,2026-08-22,Brake Repair,D. Singh,5989.22,1
S01128,V0304,2025-06-20,Oil Change,N. Gupta,2758.43,1
S01129,V0291,2025-05-06,Brake Repair,R. Sharma,5667.52,3
S01130,V0317,2026-04-19,Suspension Work,A. Verma,5942.53,2
S01131,V0490,2025-06-29,Insurance Claim,N. Gupta,28532.64,2
S01132,V0386,2026-08-04,General Service,D. Singh,2478.83,1
S01133,V0216,2025-04-24,Oil Change,R. Sharma,1230.67,1
S01134,V0500,2026-06-30,Software Update,R. Sharma,890.82,5
S01135,V0346,2025-07-23,Software Update,D. Singh,469.87,5
S01136,V0401,2025-05-21,Battery Check,P. Nair,2123.53,2
S01137,V0200,2025-09-30,Software Update,D. Singh,669.91,1
S01138,V0312,2024-12-18,Motor Repair,S. Iyer,16056.09,7
S01139,V0495,2025-07-06,Tyre Replacement,M. Khan,6594.9,2
S01140,V0201,2025-03-18,General Service,A. Verma,2273.46,1
S01141,V0386,2025-12-17,Software Update,S. Iyer,964.27,1
S01142,V0099,2026-01-01,AC Repair,S. Iyer,2918.24,1
S01143,V0121,2025-11-28,Suspension Work,K. Reddy,9134.68,1
S01144,V0414,2026-01-17,Software Update,K. Reddy,423.13,7
S01145,V0310,2026-07-08,Body Repair,K. Reddy,12530.79,1
S01146,V0475,2026-06-15,Software Update,D. Singh,1342.9,1
S01147,V0123,2024-11-02,Brake Repair,,2729.51,2
S01148,V0024,2024-10-25,Body Repair,N. Gupta,9153.47,2
S01149,V0097,2026-04-26,Software Update,K. Reddy,943.89,2
S01150,V0129,2024-10-26,Battery Check,,1594.28,1
S01151,V0416,2024-09-03,General Service,,2806.8,7
S01152,V0066,2026-07-04,Suspension Work,,8198.51,1
S01153,V0213,2024-11-05,Insurance Claim,S. Iyer,30553.81,1
S01154,V0006,2026-02-21,Suspension Work,D. Singh,9718.76,1
S01155,V0041,2025-11-21,Brake Repair,S. Iyer,4802.43,1
S01156,V0263,2025-09-24,Oil Change,,1648.01,2
S01157,V0373,2025-11-28,General Service,R. Sharma,-1.0,2
S01158,V0308,2025-08-24,General Service,,4162.4,2
S01159,V0547,2026-04-03,Software Update,D. Singh,762.86,3
S01160,V0523,2025-12-23,Oil Change,R. Sharma,1186.05,2
S01161,V0038,2026-05-06,Software Update,S. Iyer,1109.98,2
S01162,V0368,2025-01-23,General Service,K. Reddy,2394.67,1
S01163,V0262,2026-03-12,Software Update,K. Reddy,300.0,7
S01164,V0086,2025-09-29,Tyre Replacement,S. Iyer,7779.59,2
S01165,V0073,2024-11-13,Insurance Claim,M. Khan,20315.88,3
S01166,V0524,2026-05-09,Oil Change,D. Singh,1742.96,5
S01167,V0389,2026-07-17,General Service,M. Khan,2790.48,1
S01168,V0277,2025-05-05,Battery Check,,1600.01,5
S01169,V0068,2026-03-25,AC Repair,D. Singh,4369.08,3
S01170,V0280,2025-07-27,Brake Repair,M. Khan,3559.84,2
S01171,V0011,2026-06-16,Battery Check,M. Khan,1769.38,5
S01172,V0108,2025-12-06,General Service,P. Nair,2272.9,7
S01173,V0098,2026-03-18,Motor Repair,,18878.76,2
S01174,V0102,2025-06-07,Software Update,S. Iyer,972.3,3
S01175,V0545,2026-07-09,Suspension Work,K. Reddy,4708.18,7
S01176,V0131,2026-03-16,Software Update,S. Iyer,1104.07,1
S01177,V0388,2025-08-28,Body Repair,R. Sharma,9748.95,3
S01178,V0256,2025-03-05,Insurance Claim,N. Gupta,32070.51,1
S01179,V0450,2025-12-16,AC Repair,,3949.93,2
S01180,V0283,2025-04-03,Software Update,M. Khan,-1.0,2
S01181,V0090,2026-06-12,Tyre Replacement,D. Singh,5530.72,1
S01182,V0082,2026-06-17,Battery Check,A. Verma,1316.61,1
S01183,V0059,2025-12-27,Battery Check,,1489.8,7
S01184,V0011,2024-08-25,Software Update,S. Iyer,715.11,7
S01185,V0510,2026-06-17,Suspension Work,,8959.86,1
S01186,V0416,2024-09-14,General Service,R. Sharma,1085.73,5
S01187,V0548,2024-09-10,General Service,,1578.03,1
S01188,V0460,2026-03-22,Brake Repair,,2630.33,2
S01189,V0180,2026-04-28,Software Update,,1066.09,3
S01190,V0053,2025-09-05,Software Update,S. Iyer,1278.97,3
S01191,V0116,2026-02-14,AC Repair,M. Khan,3372.05,1
S01192,V0298,2025-04-11,Tyre Replacement,P. Nair,5645.47,2
S01193,V0003,2024-12-24,Insurance Claim,M. Khan,25612.96,2
S01194,V0528,2025-10-14,General Service,N. Gupta,3516.64,1
S01195,V0365,2025-07-02,General Service,D. Singh,1688.57,2
S01196,V0363,2025-10-02,General Service,S. Iyer,2708.57,5
S01197,V0364,2025-06-04,Brake Repair,M. Khan,5633.54,1
S01198,V0542,2025-11-15,Suspension Work,K. Reddy,8227.68,1
S01199,V0500,2025-06-05,Motor Repair,M. Khan,15995.3,7
S01200,V0405,2024-09-28,Software Update,S. Iyer,1080.29,2
S01201,V0112,2026-07-04,Motor Repair,N. Gupta,808.03,1
S01202,V0144,2025-07-01,AC Repair,R. Sharma,4330.4,3
S01203,V0204,2026-07-09,Oil Change,S. Iyer,1387.93,5
S01204,V0432,2025-06-03,AC Repair,S. Iyer,1257.47,2
S01205,V0491,2026-02-05,Insurance Claim,A. Verma,29473.02,5
S01206,V0501,2025-06-12,Suspension Work,S. Iyer,10365.46,3
S01207,V0410,2025-04-11,Suspension Work,K. Reddy,6663.25,1
S01208,V0113,2024-12-15,Battery Check,S. Iyer,2000.26,1
S01209,V0353,2025-02-06,General Service,M. Khan,3910.74,1
S01210,V0351,2026-01-23,Software Update,R. Sharma,1168.18,5
S01211,V0492,2024-11-22,Battery Check,K. Reddy,2360.98,2
S01212,V0157,2024-11-16,Brake Repair,A. Verma,5290.93,2
S01213,V0254,2025-10-17,Insurance Claim,M. Khan,25660.04,7
S01214,V0106,2025-06-04,Suspension Work,M. Khan,3075.18,1
S01215,V0235,2026-03-02,Battery Check,P. Nair,1370.82,2
S01216,V0150,2026-06-23,Software Update,A. Verma,563.89,1
S01217,V0390,2026-04-26,Software Update,M. Khan,1407.86,2
S01218,V0345,2024-12-16,Software Update,,750.75,5
S01219,V0053,2025-04-14,Brake Repair,P. Nair,4381.11,3
S01220,V0429,2024-10-29,Battery Check,S. Iyer,1789.53,1
S01221,V0001,2024-09-09,General Service,D. Singh,2538.15,2
S01222,V0293,2024-08-30,General Service,A. Verma,3983.17,5
S01223,V0190,2026-03-07,Tyre Replacement,D. Singh,4692.44,3
S01224,V0312,2024-12-11,Oil Change,,1922.6,1
S01225,V0340,2025-11-16,AC Repair,D. Singh,2590.47,3
S01226,V0244,2025-09-23,Software Update,A. Verma,430.39,1
S01227,V0134,2026-08-02,Insurance Claim,A. Verma,19647.02,1
S01228,V0196,2025-10-13,Oil Change,A. Verma,1776.67,1
S01229,V0352,2024-09-09,Tyre Replacement,M. Khan,5098.47,1
S01230,V0045,2026-02-09,General Service,P. Nair,1894.13,3
S01231,V0375,2026-08-10,Motor Repair,A. Verma,7616.83,5
S01232,V0070,2025-11-28,Motor Repair,,14563.7,1
S01233,V0171,2026-03-13,Oil Change,P. Nair,852.03,1
S01234,V0063,2025-01-05,Oil Change,K. Reddy,2278.84,7
S01235,V0546,2025-12-11,Suspension Work,S. Iyer,7201.98,7
S01236,V0522,2025-01-31,Software Update,K. Reddy,391.89,5
S01237,V0279,2025-01-10,Oil Change,M. Khan,1605.2,1
S01238,V0526,2026-04-28,Motor Repair,,11051.18,2
S01239,V0311,2026-02-03,Brake Repair,,4669.19,1
S01240,V0176,2026-04-03,Oil Change,P. Nair,2644.48,1
S01241,V0152,2025-05-25,Tyre Replacement,P. Nair,2062.14,1
S01242,V0255,2025-02-28,Oil Change,R. Sharma,1872.47,3
S01243,V0378,2024-09-28,General Service,,2359.88,2
S01244,V0137,2024-10-21,Software Update,P. Nair,987.98,3
S01245,V0059,2024-12-05,Insurance Claim,D. Singh,26865.47,2
S01246,V0287,2024-09-07,Battery Check,,1105.22,1
S01247,V0392,2026-08-11,General Service,,2220.83,2
S01248,V0453,2026-05-17,Software Update,K. Reddy,577.11,1
S01249,V0457,2024-11-11,Oil Change,K. Reddy,2477.88,3
S01250,V0152,2026-06-30,Oil Change,N. Gupta,1813.43,1
S01251,V0181,2024-11-19,Oil Change,S. Iyer,2997.75,2
S01252,V0022,2024-12-03,Oil Change,K. Reddy,1761.78,2
S01253,V0072,2025-03-01,Oil Change,N. Gupta,1353.7,5
S01254,V0103,2025-01-01,Battery Check,A. Verma,705.3,5
S01255,V0394,2024-10-17,Oil Change,R. Sharma,664.02,1
S01256,V0255,2026-05-01,Battery Check,R. Sharma,668.33,1
S01257,V0347,2026-06-20,Software Update,N. Gupta,874.8,1
S01258,V0315,2025-01-21,AC Repair,M. Khan,4123.19,1
S01259,V0274,2024-11-03,Insurance Claim,R. Sharma,11164.58,1
S01260,V0106,2026-03-26,General Service,K. Reddy,3283.16,1
S01261,V0002,2025-06-20,Brake Repair,K. Reddy,3489.9,1
S01262,V0362,2025-08-12,Software Update,A. Verma,841.1,7
S01263,V0174,2025-11-22,Brake Repair,D. Singh,6569.96,1
S01264,V0342,2025-01-22,Battery Check,R. Sharma,1970.84,1
S01265,V0183,2025-06-24,Software Update,S. Iyer,724.81,5
S01266,V0154,2026-06-03,Insurance Claim,P. Nair,17202.07,3
S01267,V0107,2025-11-28,Tyre Replacement,D. Singh,1481.19,2
S01268,V0079,2025-07-17,General Service,S. Iyer,1870.74,1
S01269,V0328,2024-12-17,Software Update,A. Verma,740.88,1
S01270,V0438,2025-03-28,Brake Repair,S. Iyer,2748.85,1
S01271,V0395,2026-06-13,Software Update,N. Gupta,763.25,5
S01272,V0342,2025-12-17,Brake Repair,M. Khan,4312.97,5
S01273,V0429,2025-11-26,Suspension Work,,6449.1,7
S01274,V0546,2026-05-08,Suspension Work,K. Reddy,5407.49,1
S01275,V0432,2024-11-15,Suspension Work,M. Khan,7413.2,1
S01276,V0241,2025-04-29,Oil Change,D. Singh,2078.42,7
S01277,V0137,2025-05-02,Brake Repair,D. Singh,2597.11,1
S01278,V0302,2026-08-19,Software Update,M. Khan,1195.06,2
S01279,V0230,2025-11-03,General Service,A. Verma,2413.74,1
S01280,V0387,2024-08-25,General Service,K. Reddy,2516.49,3
S01281,V0056,2025-09-07,Battery Check,A. Verma,1871.81,7
S01282,V0162,2025-02-24,Software Update,A. Verma,865.3,2
S01283,V0079,2024-11-18,General Service,K. Reddy,3333.99,1
S01284,V0187,2025-11-08,Motor Repair,,16507.4,2
S01285,V0482,2025-09-17,Software Update,N. Gupta,628.52,1
S01286,V0294,2025-09-04,Battery Check,S. Iyer,1689.79,1
S01287,V0012,2026-03-01,Software Update,N. Gupta,479.76,2
S01288,V0514,2025-01-27,Tyre Replacement,K. Reddy,6227.98,1
S01289,V0279,2025-05-15,Battery Check,S. Iyer,1482.55,2
S01290,V0411,2026-06-09,Software Update,S. Iyer,741.73,1
S01291,V0480,2024-09-12,Software Update,K. Reddy,764.01,1
S01292,V0056,,AC Repair,M. Khan,1194.73,2
S01293,V0112,2024-10-21,Motor Repair,R. Sharma,12119.19,2
S01294,V0289,2026-01-09,Brake Repair,A. Verma,4336.48,2
S01295,V0012,2024-11-22,Software Update,R. Sharma,844.76,2
S01296,V0276,2025-03-10,Battery Check,R. Sharma,960.47,7
S01297,V0047,2025-01-14,General Service,P. Nair,3607.49,1
S01298,V0366,2024-10-28,Tyre Replacement,,4181.03,2
S01299,V0323,2026-01-21,Software Update,S. Iyer,1071.45,1
S01300,V0340,2025-12-11,Software Update,,919.61,1
S01301,V0515,2025-07-29,Brake Repair,N. Gupta,3250.05,1
S01302,V0298,2026-04-05,Brake Repair,A. Verma,6809.71,1
S01303,V0238,2025-07-06,Oil Change,S. Iyer,1048.01,1
S01304,V0514,2026-07-14,Suspension Work,,9251.93,3
S01305,V0459,2026-06-27,Brake Repair,D. Singh,5670.86,5
S01306,V0041,2025-02-20,Software Update,A. Verma,612.23,1
S01307,V0510,2025-01-13,Battery Check,S. Iyer,2231.04,2
S01308,V0090,2026-05-02,Brake Repair,S. Iyer,3832.43,2
S01309,V0166,2026-01-28,Brake Repair,D. Singh,4624.38,1
S01310,V0073,2026-07-26,Brake Repair,N. Gupta,4582.67,2
S01311,V0485,2024-11-05,Tyre Replacement,N. Gupta,5717.95,1
S01312,V0127,2026-03-24,Body Repair,D. Singh,15405.39,2
S01313,V0411,2025-10-25,Software Update,S. Iyer,1022.18,7
S01314,V0376,2024-12-21,Suspension Work,D. Singh,2716.1,3
S01315,V0086,2025-01-19,Insurance Claim,N. Gupta,36412.98,2
S01316,V0044,2026-01-31,Body Repair,R. Sharma,5017.53,2
S01317,V0009,2025-07-04,Brake Repair,P. Nair,5717.84,5
S01318,V0163,2025-07-14,Battery Check,M. Khan,2091.52,5
S01319,V0474,2025-10-31,Software Update,N. Gupta,494.53,7
S01320,V0112,2025-03-08,Battery Check,K. Reddy,1284.32,5
S01321,V0205,2025-04-12,Software Update,D. Singh,490.4,3
S01322,V0498,2024-11-08,Oil Change,N. Gupta,1664.6,1
S01323,V0286,2025-05-29,Software Update,N. Gupta,713.75,1
S01324,V0219,2025-01-14,AC Repair,K. Reddy,4455.08,1
S01325,V0371,2025-05-06,Software Update,M. Khan,1166.89,1
S01326,V0217,2026-06-09,General Service,K. Reddy,3721.22,2
S01327,V0259,2026-04-12,Oil Change,A. Verma,1445.83,2
S01328,V0415,2025-07-16,General Service,N. Gupta,2316.93,5
S01329,V0538,2026-06-03,Oil Change,P. Nair,739.43,1
S01330,V0056,2026-07-23,Battery Check,K. Reddy,1076.92,3
S01331,V0305,2025-02-22,Brake Repair,N. Gupta,5618.33,7
S01332,V0549,2025-06-17,Brake Repair,K. Reddy,6574.91,3
S01333,V0399,2025-11-06,General Service,M. Khan,1419.94,1
S01334,V0149,2026-05-25,AC Repair,D. Singh,2774.23,1
S01335,V0155,2026-07-17,Motor Repair,N. Gupta,14861.37,3
S01336,V0117,2025-09-13,Insurance Claim,,27451.41,1
S01337,V0462,2025-06-09,Brake Repair,A. Verma,3009.88,1
S01338,V0224,2024-11-13,Oil Change,,2067.16,1
S01339,V0387,2026-04-05,Software Update,R. Sharma,667.32,3
S01340,V0373,2025-07-01,General Service,P. Nair,2487.35,1
S01341,V0512,2025-01-04,Insurance Claim,K. Reddy,29779.99,5
S01342,V0361,2025-02-17,AC Repair,K. Reddy,3507.87,3
S01343,V0117,2025-01-26,Brake Repair,D. Singh,3558.51,1
S01344,V0167,2025-05-20,Suspension Work,P. Nair,6731.46,5
S01345,V0291,2024-12-06,Body Repair,A. Verma,11628.88,1
S01346,V0107,2025-04-08,Battery Check,K. Reddy,1305.74,1
S01347,V0509,2024-08-29,Body Repair,A. Verma,10913.06,7
S01348,V0516,2026-01-07,Body Repair,P. Nair,18714.32,5
S01349,V0217,2026-01-27,Oil Change,,2153.38,5
S01350,V0118,2025-01-25,Oil Change,A. Verma,1613.85,3
S01351,V0476,2025-10-10,Software Update,K. Reddy,995.15,1
S01352,V0384,2025-04-14,Oil Change,P. Nair,1589.69,2
S01353,V0315,,Software Update,R. Sharma,1128.47,5
S01354,V0034,2024-10-09,Motor Repair,,16940.62,3
S01355,V0344,2025-03-17,Brake Repair,K. Reddy,4042.27,2
S01356,V0401,2025-01-24,Oil Change,K. Reddy,2082.06,1
S01357,V0440,2025-01-27,Brake Repair,K. Reddy,1890.81,1
S01358,V0413,2025-10-06,AC Repair,K. Reddy,2119.71,2
S01359,V0102,2026-01-27,Brake Repair,K. Reddy,2444.93,2
S01360,V0163,2026-07-14,Battery Check,R. Sharma,1575.05,5
S01361,V0012,2026-04-04,Insurance Claim,S. Iyer,40159.51,1
S01362,V0081,2025-12-25,Body Repair,S. Iyer,21371.46,7
S01363,V0367,2025-10-15,Software Update,P. Nair,978.65,2
S01364,V0549,2025-12-07,Oil Change,K. Reddy,2115.53,2
S01365,V0053,2026-01-02,Oil Change,R. Sharma,665.33,1
S01366,V0114,2025-07-06,Motor Repair,A. Verma,12150.96,1
S01367,V0146,2026-04-08,Oil Change,A. Verma,1303.7,1
S01368,V0507,2025-01-13,AC Repair,M. Khan,2739.46,5
S01369,V0104,,Motor Repair,K. Reddy,14117.24,1
S01370,V0499,2025-08-18,General Service,K. Reddy,2086.92,5
S01371,V0322,2024-09-25,Insurance Claim,S. Iyer,7681.13,1
S01372,V0306,2025-03-10,General Service,R. Sharma,3154.42,1
S01373,V0352,2024-11-17,AC Repair,,2185.89,1
S01374,V0163,2025-07-18,Suspension Work,A. Verma,7586.15,2
S01375,V0031,2025-11-04,General Service,S. Iyer,4314.82,2
S01376,V0374,2025-10-28,Battery Check,R. Sharma,1017.32,3
S01377,V0142,2025-02-10,General Service,S. Iyer,300.0,2
S01378,V0281,2024-09-06,Oil Change,D. Singh,1619.82,2
S01379,V0479,2024-09-04,Motor Repair,K. Reddy,20780.04,2
S01380,V0257,2026-03-17,General Service,P. Nair,4213.55,5
S01381,V0106,2025-10-16,Body Repair,P. Nair,6835.89,1
S01382,V0211,2024-08-25,Motor Repair,N. Gupta,17607.67,5
S01383,V0279,2025-07-25,AC Repair,K. Reddy,2929.99,5
S01384,V0205,2024-11-25,Body Repair,A. Verma,11555.02,7
S01385,V0172,2026-07-29,General Service,P. Nair,4813.8,5
S01386,V0301,2024-09-18,Body Repair,,5687.52,3
S01387,V0408,2025-09-15,Brake Repair,K. Reddy,4573.0,1
S01388,V0367,2025-09-11,Motor Repair,D. Singh,17455.39,1
S01389,V0322,2025-04-25,General Service,R. Sharma,3450.06,3
S01390,V0219,2024-09-02,Motor Repair,D. Singh,15514.41,2
S01391,V0068,2025-07-31,Oil Change,,1994.07,2
S01392,V0106,2026-04-20,General Service,A. Verma,2157.31,5
S01393,V0446,2025-06-21,AC Repair,M. Khan,3829.68,2
S01394,V0051,2025-03-30,Motor Repair,P. Nair,13198.24,5
S01395,V0123,,Battery Check,D. Singh,1826.33,5
S01396,V0243,2025-05-01,Oil Change,R. Sharma,1567.15,7
S01397,V0292,2024-10-19,Brake Repair,K. Reddy,4754.34,1
S01398,V0547,2026-03-11,Battery Check,A. Verma,1484.64,7
S01399,V0098,2025-08-17,Software Update,P. Nair,1115.29,3
S01400,V0355,2024-09-25,Brake Repair,N. Gupta,4124.45,1
S01401,V0403,2025-03-28,Tyre Replacement,N. Gupta,2276.63,7
S01402,V0125,2026-08-11,AC Repair,A. Verma,5045.85,1
S01403,V0230,2025-08-17,General Service,S. Iyer,1707.48,1
S01404,V0331,2025-12-03,Battery Check,M. Khan,1156.77,3
S01405,V0006,2026-06-18,Battery Check,A. Verma,1187.28,1
S01406,V0312,2026-04-30,General Service,K. Reddy,3702.63,2
S01407,V0175,2026-07-08,Brake Repair,A. Verma,1060.56,1
S01408,V0327,2024-11-05,Brake Repair,K. Reddy,8812.49,7
S01409,V0126,2025-02-01,Suspension Work,N. Gupta,9587.34,7
S01410,V0288,2026-04-17,AC Repair,N. Gupta,3773.47,2
S01411,V0095,2024-12-01,Tyre Replacement,A. Verma,5884.72,3
S01412,V0249,2026-08-18,Insurance Claim,M. Khan,27498.6,1
S01413,V0077,2026-05-13,Battery Check,M. Khan,1773.59,7
S01414,V0395,2026-02-02,Oil Change,D. Singh,2206.49,2
S01415,V0541,2025-02-03,Suspension Work,P. Nair,8361.23,7
S01416,V0158,2024-10-25,Oil Change,M. Khan,1856.44,3
S01417,V0395,2026-02-02,Motor Repair,,13963.97,2
S01418,V0410,2026-04-07,Brake Repair,S. Iyer,3977.63,2
S01419,V0105,2026-04-10,Brake Repair,A. Verma,3913.48,1
S01420,V0247,2025-09-18,General Service,S. Iyer,3492.05,2
S01421,V0030,2024-08-25,Motor Repair,N. Gupta,18116.17,3
S01422,V0272,2026-01-07,Battery Check,A. Verma,300.0,3
S01423,V0442,2024-09-29,General Service,K. Reddy,3073.91,3
S01424,V0055,2026-05-29,Battery Check,R. Sharma,1602.24,5
S01425,V0433,2024-09-22,Brake Repair,S. Iyer,4172.5,2
S01426,V0543,2024-09-26,Body Repair,K. Reddy,10368.22,1
S01427,V0052,2025-04-01,Battery Check,M. Khan,2090.16,1
S01428,V0055,2025-03-02,General Service,M. Khan,3329.09,1
S01429,V0545,2026-01-06,General Service,K. Reddy,1823.73,5
S01430,V0403,2026-03-23,General Service,P. Nair,2856.17,7
S01431,V0211,2025-05-26,Brake Repair,D. Singh,2771.66,2
S01432,V0295,2026-01-14,Software Update,P. Nair,413.71,2
S01433,V0175,2026-06-29,AC Repair,S. Iyer,2732.27,1
S01434,V0341,2025-10-22,Oil Change,N. Gupta,2343.31,5
S01435,V0343,2024-11-17,Motor Repair,A. Verma,20003.91,1
S01436,V0010,2025-04-12,Software Update,R. Sharma,943.66,7
S01437,V0254,2024-12-08,Battery Check,P. Nair,1880.68,2
S01438,V0538,2025-10-22,Oil Change,A. Verma,2125.19,1
S01439,V0312,2026-05-05,AC Repair,D. Singh,2714.19,2
S01440,V0499,2026-06-07,Tyre Replacement,R. Sharma,6907.04,3
S01441,V0309,2025-11-30,AC Repair,N. Gupta,4480.5,1
S01442,V0277,2025-12-23,Insurance Claim,R. Sharma,31600.05,1
S01443,V0421,2025-09-07,Oil Change,S. Iyer,2549.02,3
S01444,V0510,2025-02-13,General Service,K. Reddy,3119.77,3
S01445,V0212,2025-08-06,Software Update,A. Verma,898.41,2
S01446,V0461,2025-08-15,Motor Repair,D. Singh,20618.29,5
S01447,V0428,2025-03-15,Battery Check,,1486.08,3
S01448,V0126,2026-03-09,Software Update,D. Singh,553.08,2
S01449,V0113,2025-08-09,General Service,S. Iyer,2357.32,7
S01450,V0154,2024-10-28,Suspension Work,,5174.99,1
S01451,V0311,2026-03-05,Brake Repair,R. Sharma,3207.49,7
S01452,V0042,2026-01-24,General Service,A. Verma,2373.55,1
S01453,V0501,2025-05-07,Motor Repair,R. Sharma,10839.8,1
S01454,V0258,2026-04-24,Brake Repair,P. Nair,3747.3,1
S01455,V0089,2025-02-15,General Service,M. Khan,843.09,5
S01456,V0083,2025-12-08,Software Update,D. Singh,859.72,2
S01457,V0396,2026-05-09,Battery Check,P. Nair,1500.63,2
S01458,V0319,2026-01-12,Brake Repair,D. Singh,2998.88,1
S01459,V0205,,General Service,M. Khan,3076.84,2
S01460,V0313,2025-08-18,General Service,N. Gupta,3320.37,1
S01461,V0385,2025-01-24,Software Update,D. Singh,349.88,3
S01462,V0480,2025-12-25,AC Repair,K. Reddy,2565.66,5
S01463,V0473,2025-07-30,General Service,R. Sharma,1827.0,5
S01464,V0091,2025-05-30,Brake Repair,P. Nair,2818.34,2
S01465,V0525,2025-08-13,Motor Repair,R. Sharma,19354.74,5
S01466,V0129,2025-04-27,Software Update,N. Gupta,745.73,7
S01467,V0056,2026-04-09,Battery Check,D. Singh,1361.13,1
S01468,V0298,2026-03-01,Body Repair,D. Singh,3583.78,1
S01469,V0125,2025-09-01,Body Repair,R. Sharma,14668.76,2
S01470,V0529,2025-04-08,Brake Repair,N. Gupta,2378.29,1
S01471,V0229,2026-07-13,Insurance Claim,S. Iyer,25524.41,2
S01472,V0319,2026-01-21,General Service,M. Khan,2742.7,1
S01473,V0069,2025-12-14,Oil Change,,2657.21,1
S01474,V0254,2026-05-03,Battery Check,,812.87,7
S01475,V0401,2024-11-07,General Service,P. Nair,300.0,5
S01476,V0496,2024-11-25,Brake Repair,,4470.26,2
S01477,V0450,2026-06-23,Insurance Claim,K. Reddy,40754.47,1
S01478,V0023,2025-05-30,General Service,M. Khan,3584.08,1
S01479,V0524,2025-07-18,Brake Repair,P. Nair,4508.2,2
S01480,V0103,2025-11-18,Body Repair,P. Nair,9935.13,5
S01481,V0396,2025-01-17,Battery Check,K. Reddy,1923.74,1
S01482,V0029,2025-06-10,Tyre Replacement,K. Reddy,3955.55,1
S01483,V0311,2024-10-11,General Service,N. Gupta,2916.81,1
S01484,V0364,2025-06-27,Brake Repair,N. Gupta,4943.04,2
S01485,V0010,2026-01-05,Software Update,D. Singh,1096.86,5
S01486,V0526,2026-07-18,Software Update,D. Singh,1572.7,3
S01487,V0471,2025-10-17,General Service,P. Nair,2843.36,5
S01488,V0070,2024-11-04,Insurance Claim,N. Gupta,20546.57,1
S01489,V0520,2025-07-24,Insurance Claim,S. Iyer,24776.22,3
S01490,V0357,2024-11-08,Body Repair,K. Reddy,4569.88,1
S01491,V0047,2024-11-10,General Service,S. Iyer,1892.13,2
S01492,V0099,2024-09-03,Software Update,D. Singh,685.4,2
S01493,V0243,2025-07-24,Battery Check,S. Iyer,1224.85,5
S01494,V0431,2025-03-04,Brake Repair,A. Verma,4423.96,1
S01495,V0075,2025-08-05,Motor Repair,R. Sharma,10682.3,1
S01496,V0329,2025-09-14,Battery Check,K. Reddy,2088.54,1
S01497,V0205,2025-05-06,Brake Repair,P. Nair,4200.3,2
S01498,V0207,2024-11-16,Brake Repair,,4186.33,2
S01499,V0089,2025-09-28,General Service,A. Verma,2213.09,2
S01500,V0035,,Brake Repair,D. Singh,4428.13,5
S01501,V0074,2025-01-24,General Service,,3221.96,7
S01502,V0195,2025-06-08,Oil Change,N. Gupta,1253.71,3
S01503,V0366,2025-07-02,Body Repair,S. Iyer,9235.91,1
S01504,V0450,2025-04-22,Software Update,A. Verma,714.96,1
S01505,V0131,2025-07-10,Battery Check,N. Gupta,793.42,2
S01506,V0053,2025-05-19,Body Repair,R. Sharma,8559.12,2
S01507,V0297,2024-09-26,Tyre Replacement,D. Singh,4999.94,1
S01508,V0162,2025-05-28,Software Update,,1044.83,2
S01509,V0409,2026-07-01,General Service,A. Verma,2729.74,7
S01510,V0270,2025-01-10,Brake Repair,K. Reddy,4484.58,2
S01511,V0206,2025-01-07,AC Repair,R. Sharma,4542.35,1
S01512,V0210,2024-12-29,Suspension Work,D. Singh,6663.44,1
S01513,V0242,2025-03-11,Battery Check,D. Singh,1704.99,1
S01514,V0427,2025-11-09,Body Repair,A. Verma,11566.47,7
S01515,V0133,2025-09-05,Tyre Replacement,A. Verma,6557.26,1
S01516,V0509,2024-11-09,Motor Repair,K. Reddy,11940.52,7
S01517,V0311,2024-09-27,Oil Change,R. Sharma,300.0,2
S01518,V0548,2025-02-19,Body Repair,R. Sharma,11436.03,7
S01519,V0054,2024-11-11,Software Update,S. Iyer,1198.37,5
S01520,V0438,2024-11-14,Brake Repair,A. Verma,5561.54,3
S01521,V0361,,Battery Check,M. Khan,2006.83,2
S01522,V0095,2025-10-16,Software Update,,1146.12,1
S01523,V0016,2025-02-12,Oil Change,A. Verma,1855.85,1
S01524,V0130,2025-09-14,Battery Check,D. Singh,1603.59,3
S01525,V0251,2025-03-11,Brake Repair,N. Gupta,3292.05,1
S01526,V0079,2026-05-29,General Service,M. Khan,2223.44,7
S01527,V0366,2026-01-15,Oil Change,P. Nair,2187.94,3
S01528,V0300,,Brake Repair,D. Singh,5969.71,1
S01529,V0056,2025-06-05,AC Repair,N. Gupta,3329.18,2
S01530,V0081,2025-01-29,Oil Change,,1516.38,2
S01531,V0313,2026-04-16,Brake Repair,S. Iyer,4200.78,1
S01532,V0241,2026-01-09,Motor Repair,N. Gupta,18156.34,1
S01533,V0022,2025-08-18,Motor Repair,P. Nair,7419.76,2
S01534,V0394,2024-12-25,Tyre Replacement,A. Verma,1178.02,1
S01535,V0286,2025-01-17,Battery Check,K. Reddy,1210.97,5
S01536,V0455,2025-11-30,Brake Repair,S. Iyer,2405.55,5
S01537,V0546,2026-01-19,General Service,R. Sharma,2055.38,3
S01538,V0027,2025-03-20,Body Repair,D. Singh,11379.32,2
S01539,V0222,2024-08-24,Software Update,K. Reddy,673.09,1
S01540,V0112,2025-01-04,Motor Repair,,22625.45,7
S01541,V0435,2026-06-16,Body Repair,,13372.33,2
S01542,V0167,2025-11-19,Software Update,M. Khan,884.13,1
S01543,V0016,2026-02-13,Tyre Replacement,P. Nair,7306.64,1
S01544,V0256,2026-05-07,General Service,K. Reddy,1503.52,1
S01545,V0281,2026-01-06,Brake Repair,R. Sharma,5727.49,1
S01546,V0315,2024-12-24,Body Repair,P. Nair,11681.79,1
S01547,V0455,2026-01-02,Oil Change,N. Gupta,2222.4,1
S01548,V0368,2024-12-21,Motor Repair,,9372.75,2
S01549,V0419,2025-04-21,General Service,A. Verma,1140.46,2
S01550,V0322,2025-07-20,Battery Check,P. Nair,1929.39,2
S01551,V0266,,Software Update,S. Iyer,905.39,1
S01552,V0239,2025-12-21,Battery Check,S. Iyer,1026.42,7
S01553,V0325,2025-06-30,General Service,M. Khan,1739.04,1
S01554,V0266,2024-09-06,Motor Repair,,20908.53,1
S01555,V0241,2026-08-04,General Service,N. Gupta,1459.26,1
S01556,V0524,2026-05-28,Brake Repair,D. Singh,6614.73,5
S01557,V0074,2024-12-24,Insurance Claim,P. Nair,17119.57,1
S01558,V0026,2026-02-28,AC Repair,D. Singh,4282.03,3
S01559,V0418,2024-08-29,Insurance Claim,P. Nair,22124.59,1
S01560,V0165,2025-05-06,Oil Change,R. Sharma,2180.01,1
S01561,V0217,2025-08-03,AC Repair,,2833.46,3
S01562,V0221,2024-08-22,Software Update,R. Sharma,754.42,1
S01563,V0391,2026-05-22,Oil Change,M. Khan,1825.78,5
S01564,V0125,2025-08-02,Suspension Work,N. Gupta,4544.64,7
S01565,V0325,2024-09-24,General Service,P. Nair,3148.22,2
S01566,V0337,2024-09-03,Oil Change,D. Singh,1476.68,2
S01567,V0467,2026-01-01,AC Repair,A. Verma,3219.97,2
S01568,V0456,2025-03-22,Motor Repair,,9779.67,1
S01569,V0371,2025-02-04,Insurance Claim,M. Khan,2579.58,7
S01570,V0429,2025-08-24,Oil Change,S. Iyer,1679.65,2
S01571,V0418,2026-02-24,Insurance Claim,S. Iyer,46110.38,2
S01572,V0294,2026-03-11,Battery Check,K. Reddy,1911.92,5
S01573,V0518,2024-11-03,Brake Repair,M. Khan,4171.69,1
S01574,V0465,2026-04-01,Brake Repair,P. Nair,3813.55,7
S01575,V0104,2025-04-24,Brake Repair,K. Reddy,4233.02,1
S01576,V0171,2025-08-15,General Service,K. Reddy,2978.73,5
S01577,V0363,2025-05-05,Brake Repair,,2464.21,2
S01578,V0301,2025-09-24,Battery Check,D. Singh,2085.02,1
S01579,V0047,2025-12-19,Battery Check,D. Singh,1875.58,7
S01580,V0419,2025-02-23,Insurance Claim,K. Reddy,31284.13,2
S01581,V0489,2025-07-23,Brake Repair,,4844.56,1
S01582,V0156,2026-04-19,General Service,D. Singh,2517.16,7
S01583,V0389,2025-03-30,AC Repair,,4324.26,2
S01584,V0100,2025-04-22,Brake Repair,R. Sharma,5069.97,5
S01585,V0293,2025-09-04,AC Repair,S. Iyer,3066.3,1
S01586,V0043,2025-12-20,Oil Change,P. Nair,1438.63,3
S01587,V0102,2026-05-16,Battery Check,P. Nair,1553.47,2
S01588,V0499,2026-04-30,Oil Change,P. Nair,2775.88,2
S01589,V0109,2025-08-11,Oil Change,S. Iyer,1019.36,1
S01590,V0212,2025-03-07,Suspension Work,S. Iyer,3404.56,1
S01591,V0041,2025-09-05,Suspension Work,M. Khan,7403.66,1
S01592,V0501,2025-12-02,Motor Repair,K. Reddy,15267.16,7
S01593,V0534,2024-12-08,Brake Repair,P. Nair,4454.81,1
S01594,V0123,2025-06-17,Motor Repair,N. Gupta,16280.75,2
S01595,V0089,2025-01-30,Brake Repair,A. Verma,3871.89,3
S01596,V0081,2026-08-18,Oil Change,D. Singh,2738.61,1
S01597,V0520,2025-05-10,General Service,,1099.21,1
S01598,V0323,2024-09-13,General Service,,1775.07,3
S01599,V0195,2025-10-18,Suspension Work,R. Sharma,6747.03,1
S01600,V0252,2026-01-12,Brake Repair,M. Khan,1784.51,2
S01601,V0272,2025-07-02,Software Update,N. Gupta,750.76,2
S01602,V0135,2025-01-19,Oil Change,A. Verma,2846.73,2
S01603,V0004,2024-10-26,Software Update,S. Iyer,805.85,1
S01604,V0429,2026-06-25,Tyre Replacement,M. Khan,6484.47,3
S01605,V0496,2025-05-25,Suspension Work,S. Iyer,3912.6,2
S01606,V0238,2024-11-08,Tyre Replacement,N. Gupta,4705.64,5
S01607,V0366,2025-03-10,Suspension Work,A. Verma,6080.77,2
S01608,V0116,2025-11-23,Tyre Replacement,N. Gupta,5332.8,3
S01609,V0254,2025-09-24,Insurance Claim,S. Iyer,36214.38,7
S01610,V0327,2026-06-19,Software Update,S. Iyer,956.15,7
S01611,V0501,2026-08-13,Body Repair,M. Khan,7331.88,1
S01612,V0298,2026-05-24,Tyre Replacement,K. Reddy,6517.66,1
S01613,V0331,2024-12-27,Tyre Replacement,K. Reddy,7046.27,5
S01614,V0453,2026-06-18,Battery Check,P. Nair,2098.58,7
S01615,V0225,2025-05-04,AC Repair,R. Sharma,5436.16,2
S01616,V0459,2025-04-21,Oil Change,,1160.49,2
S01617,V0113,2025-10-26,Body Repair,S. Iyer,8594.4,1
S01618,V0022,2026-07-13,General Service,D. Singh,1399.62,3
S01619,V0065,2025-03-11,Oil Change,D. Singh,1652.57,2
S01620,V0161,2025-01-08,Suspension Work,M. Khan,8142.58,2
S01621,V0166,2025-10-19,AC Repair,M. Khan,4709.48,2
S01622,V0014,2026-01-17,General Service,,2433.54,1
S01623,V0514,2026-04-23,Software Update,R. Sharma,710.44,1
S01624,V0290,2024-11-19,General Service,M. Khan,2632.79,1
S01625,V0279,2026-03-26,Battery Check,K. Reddy,1061.55,5
S01626,V0135,2025-10-10,Tyre Replacement,A. Verma,10388.03,1
S01627,V0517,2026-03-24,Software Update,A. Verma,349.85,5
S01628,V0199,2025-05-02,Body Repair,D. Singh,12775.91,5
S01629,V0525,2024-11-10,Software Update,M. Khan,1366.61,1
S01630,V0271,2024-08-28,Insurance Claim,K. Reddy,25059.5,2
S01631,V0440,2026-06-30,Software Update,,746.79,2
S01632,V0495,2024-12-07,Tyre Replacement,,5249.36,2
S01633,V0392,2026-01-01,General Service,K. Reddy,2342.16,3
S01634,V0111,2025-09-08,Battery Check,K. Reddy,2220.75,2
S01635,V0458,2025-03-21,AC Repair,A. Verma,790.47,2
S01636,V0341,2025-10-04,Brake Repair,A. Verma,6454.15,1
S01637,V0174,2024-12-18,Oil Change,N. Gupta,902.91,2
S01638,V0086,2025-08-12,Brake Repair,N. Gupta,3808.02,2
S01639,V0061,2024-10-08,Motor Repair,D. Singh,12746.47,1
S01640,V0038,2025-03-25,AC Repair,K. Reddy,4220.98,1
S01641,V0275,2025-07-19,Oil Change,N. Gupta,793.18,7
S01642,V0321,2025-01-27,Brake Repair,N. Gupta,4879.39,1
S01643,V0108,2026-04-17,Software Update,K. Reddy,1366.81,1
S01644,V0014,2024-11-20,Brake Repair,A. Verma,2196.13,1
S01645,V0203,2025-08-13,Motor Repair,A. Verma,15995.96,1
S01646,V0435,2024-08-25,General Service,N. Gupta,1920.77,1
S01647,V0429,2025-05-06,Battery Check,K. Reddy,1723.59,2
S01648,V0278,2026-04-23,Motor Repair,S. Iyer,15100.53,1
S01649,V0298,2024-09-27,Suspension Work,D. Singh,5428.36,2
S01650,V0484,2024-11-30,Brake Repair,S. Iyer,4917.17,1
S01651,V0537,2026-05-26,Brake Repair,S. Iyer,6852.39,1
S01652,V0482,2026-03-19,Battery Check,R. Sharma,1399.78,2
S01653,V0193,2025-08-23,Oil Change,,2253.45,7
S01654,V0339,2026-07-23,Brake Repair,S. Iyer,2298.89,1
S01655,V0359,2025-10-05,Insurance Claim,M. Khan,16631.18,3
S01656,V0015,2026-07-20,Brake Repair,P. Nair,4894.44,3
S01657,V0413,2026-01-25,Tyre Replacement,M. Khan,9116.64,1
S01658,V0157,2024-12-04,Battery Check,P. Nair,1686.7,1
S01659,V0270,2026-02-08,General Service,K. Reddy,2226.07,3
S01660,V0284,2025-07-03,Body Repair,N. Gupta,11997.02,2
S01661,V0173,2026-06-24,General Service,M. Khan,1405.89,1
S01662,V0151,2025-03-22,Oil Change,D. Singh,2180.84,1
S01663,V0054,2024-09-14,Brake Repair,N. Gupta,5497.03,5
S01664,V0484,2026-07-04,AC Repair,A. Verma,2946.19,2
S01665,V0403,2025-02-19,Software Update,N. Gupta,668.39,3
S01666,V0320,2025-12-30,Battery Check,M. Khan,1639.59,1
S01667,V0285,2025-05-31,Brake Repair,,3558.02,7
S01668,V0502,2025-06-09,Tyre Replacement,,5861.12,5
S01669,V0357,2026-06-13,Brake Repair,N. Gupta,7286.59,3
S01670,V0435,2026-06-05,Oil Change,M. Khan,1644.37,5
S01671,V0384,2026-06-25,Brake Repair,R. Sharma,3673.24,2
S01672,V0453,2025-11-01,AC Repair,R. Sharma,2706.76,2
S01673,V0337,2024-12-26,Battery Check,P. Nair,1890.7,1
S01674,V0280,2025-07-06,General Service,N. Gupta,2341.43,5
S01675,V0045,2026-05-24,Oil Change,R. Sharma,1390.89,7
S01676,V0466,2026-04-02,General Service,,3656.14,1
S01677,V0040,2024-12-01,General Service,S. Iyer,3742.15,1
S01678,V0135,2026-03-06,Battery Check,A. Verma,1184.78,1
S01679,V0455,2025-02-20,Insurance Claim,D. Singh,8667.78,1
S01680,V0285,2025-06-22,Oil Change,R. Sharma,2434.73,3
S01681,V0325,2025-01-14,Brake Repair,D. Singh,3193.59,1
S01682,V0413,2025-04-01,Software Update,R. Sharma,1021.38,1
S01683,V0198,2025-03-27,Brake Repair,A. Verma,1303.95,1
S01684,V0455,2026-06-30,Oil Change,,2362.34,5
S01685,V0178,2025-07-25,Insurance Claim,R. Sharma,14402.25,2
S01686,V0281,2025-01-03,Suspension Work,D. Singh,8790.37,7
S01687,V0089,2026-03-16,Body Repair,A. Verma,12059.95,1
S01688,V0093,2026-04-23,Brake Repair,S. Iyer,2797.71,3
S01689,V0021,2024-10-31,Brake Repair,M. Khan,3601.66,3
S01690,V0472,2025-09-10,Battery Check,M. Khan,1860.32,2
S01691,V0196,2026-01-11,Software Update,P. Nair,829.65,1
S01692,V0286,2025-08-25,Brake Repair,K. Reddy,5059.09,2
S01693,V0193,2026-01-04,Tyre Replacement,S. Iyer,10150.53,2
S01694,V0266,2025-05-10,Software Update,D. Singh,362.01,3
S01695,V0358,2025-05-07,Insurance Claim,S. Iyer,39150.61,1
S01696,V0395,2025-07-29,Brake Repair,M. Khan,4353.4,5
S01697,V0356,2026-07-25,Insurance Claim,P. Nair,17135.64,2
S01698,V0351,2025-07-25,Suspension Work,P. Nair,3740.73,1
S01699,V0526,2026-06-20,Software Update,P. Nair,747.05,1
S01700,V0119,2024-09-10,Suspension Work,S. Iyer,9258.04,7
S01701,V0144,2026-03-05,Motor Repair,D. Singh,14330.37,5
S01702,V0035,2024-10-25,AC Repair,D. Singh,5351.16,1
S01703,V0163,2024-12-02,Software Update,D. Singh,393.67,1
S01704,V0192,2026-06-15,AC Repair,N. Gupta,3485.19,1
S01705,V0023,2026-03-20,Motor Repair,N. Gupta,8424.93,5
S01706,V0409,2025-10-20,Motor Repair,P. Nair,16909.07,3
S01707,V0346,2025-05-21,Motor Repair,P. Nair,19656.16,1
S01708,V0240,2025-11-18,Brake Repair,P. Nair,3581.48,5
S01709,V0030,2026-06-10,Brake Repair,P. Nair,371.81,2
S01710,V0143,2026-05-25,Brake Repair,R. Sharma,4492.45,1
S01711,V0317,2024-09-30,Brake Repair,N. Gupta,4842.01,5
S01712,V0170,2026-05-01,Oil Change,M. Khan,2054.71,1
S01713,V0309,2024-11-22,Oil Change,M. Khan,2578.54,5
S01714,V0093,2025-12-24,General Service,D. Singh,1562.83,1
S01715,V0489,2025-07-26,Software Update,,990.46,5
S01716,V0218,2026-03-02,Motor Repair,N. Gupta,21260.66,2
S01717,V0099,2025-09-04,Software Update,K. Reddy,302.0,3
S01718,V0290,2026-04-27,Insurance Claim,K. Reddy,27796.95,5
S01719,V0547,2024-10-22,Battery Check,M. Khan,1235.31,1
S01720,V0241,2025-03-07,AC Repair,,3400.13,1
S01721,V0408,2026-08-12,Battery Check,S. Iyer,1682.53,7
S01722,V0193,2024-11-08,Software Update,A. Verma,663.58,3
S01723,V0394,2025-10-30,Oil Change,P. Nair,1374.3,2
S01724,V0397,2026-04-14,Insurance Claim,R. Sharma,25298.83,2
S01725,V0432,2025-10-09,General Service,,1548.66,1
S01726,V0477,2026-01-08,Battery Check,A. Verma,929.94,5
S01727,V0013,2026-05-15,Brake Repair,,5198.68,5
S01728,V0466,2024-11-18,General Service,K. Reddy,1494.81,5
S01729,V0056,2025-10-23,Tyre Replacement,A. Verma,7399.26,7
S01730,V0515,2025-08-30,AC Repair,D. Singh,4066.67,3
S01731,V0115,2026-01-28,Brake Repair,,1663.06,5
S01732,V0082,2026-01-16,General Service,P. Nair,1907.13,2
S01733,V0528,2025-09-03,Body Repair,N. Gupta,17015.26,5
S01734,V0050,2025-10-06,Battery Check,N. Gupta,984.89,7
S01735,V0376,2026-07-30,General Service,D. Singh,2093.65,2
S01736,V0436,2024-11-29,AC Repair,R. Sharma,4066.02,2
S01737,V0184,2026-06-07,Tyre Replacement,R. Sharma,7645.12,7
S01738,V0333,2025-12-02,Tyre Replacement,A. Verma,5471.77,3
S01739,V0038,2024-12-13,Suspension Work,M. Khan,5536.1,1
S01740,V0087,2025-11-24,Software Update,N. Gupta,1198.26,5
S01741,V0282,2026-01-29,AC Repair,M. Khan,5630.15,7
S01742,V0042,2026-07-07,Battery Check,R. Sharma,2013.9,1
S01743,V0104,2026-04-02,Software Update,A. Verma,823.89,3
S01744,V0310,2025-11-20,Software Update,S. Iyer,573.69,2
S01745,V0082,2025-01-15,Software Update,M. Khan,567.48,2
S01746,V0311,2024-10-10,Body Repair,M. Khan,14194.56,1
S01747,V0384,,Body Repair,K. Reddy,13757.27,2
S01748,V0191,2026-05-27,Tyre Replacement,R. Sharma,8943.36,5
S01749,V0186,2025-09-05,Oil Change,K. Reddy,2209.78,2
S01750,V0020,2025-02-18,Software Update,P. Nair,379.14,2
S01751,V0474,,Body Repair,D. Singh,16418.18,1
S01752,V0227,2024-09-09,Brake Repair,M. Khan,2732.85,1
S01753,V0295,2025-08-26,Body Repair,K. Reddy,10387.32,3
S01754,V0399,2025-06-03,Motor Repair,R. Sharma,16313.55,3
S01755,V0349,2026-06-29,AC Repair,N. Gupta,5944.69,1
S01756,V0474,2025-03-29,Software Update,K. Reddy,1670.78,2
S01757,V0413,2025-08-10,General Service,A. Verma,3030.88,7
S01758,V0354,2025-01-03,Motor Repair,P. Nair,14038.22,2
S01759,V0323,,Motor Repair,R. Sharma,17806.15,1
S01760,V0171,2026-05-03,Body Repair,K. Reddy,15728.15,5
S01761,V0024,2025-02-28,Tyre Replacement,N. Gupta,5326.6,2
S01762,V0385,2025-11-12,Battery Check,A. Verma,2442.49,5
S01763,V0224,2025-07-09,Oil Change,P. Nair,1944.94,1
S01764,V0163,2025-12-16,Software Update,D. Singh,939.37,2
S01765,V0429,2024-11-20,Motor Repair,A. Verma,18496.1,3
S01766,V0515,2024-12-06,Suspension Work,M. Khan,8032.89,5
S01767,V0507,2024-09-06,Brake Repair,S. Iyer,5433.24,1
S01768,V0410,2024-12-03,Brake Repair,N. Gupta,3292.64,1
S01769,V0101,2026-02-17,Software Update,K. Reddy,643.68,5
S01770,V0421,2025-02-13,Oil Change,M. Khan,1106.9,1
S01771,V0516,2025-08-30,Battery Check,K. Reddy,1730.74,1
S01772,V0333,2026-01-15,General Service,N. Gupta,3181.57,1
S01773,V0380,2025-01-15,General Service,K. Reddy,2900.55,2
S01774,V0166,2025-08-08,Motor Repair,M. Khan,23791.09,1
S01775,V0484,2025-03-21,Oil Change,P. Nair,1796.47,1
S01776,V0032,2024-11-03,Oil Change,N. Gupta,2221.31,2
S01777,V0455,2025-10-26,Oil Change,N. Gupta,1112.23,1
S01778,V0340,2025-05-17,Battery Check,R. Sharma,1296.77,1
S01779,V0417,2025-03-11,Suspension Work,K. Reddy,8704.07,1
S01780,V0428,2025-05-31,Tyre Replacement,,7783.11,1
S01781,V0547,2026-03-29,General Service,R. Sharma,2242.78,2
S01782,V0408,2025-07-27,General Service,,2437.35,7
S01783,V0439,2026-04-08,Motor Repair,A. Verma,7031.16,1
S01784,V0376,2024-12-08,Software Update,S. Iyer,700.03,2
S01785,V0495,,Brake Repair,A. Verma,5508.86,7
S01786,V0504,2024-11-17,Oil Change,D. Singh,2162.38,2
S01787,V0456,2025-06-02,AC Repair,P. Nair,4113.32,2
S01788,V0037,2025-10-20,Brake Repair,R. Sharma,4273.17,2
S01789,V0380,2024-09-15,Motor Repair,P. Nair,15037.08,1
S01790,V0313,2025-12-10,Motor Repair,P. Nair,11533.31,1
S01791,V0132,2025-12-15,Brake Repair,K. Reddy,5227.28,2
S01792,V0234,2025-07-12,General Service,P. Nair,2868.35,1
S01793,V0013,2026-06-16,Tyre Replacement,,7033.24,5
S01794,V0489,2025-05-08,Body Repair,D. Singh,9790.65,1
S01795,V0514,2024-12-01,AC Repair,K. Reddy,862.15,7
S01796,V0174,2026-05-29,Suspension Work,N. Gupta,9688.02,5
S01797,V0015,2025-07-23,Insurance Claim,D. Singh,20810.17,2
S01798,V0317,2024-08-28,Brake Repair,A. Verma,2931.72,2
S01799,V0366,2024-12-15,Motor Repair,R. Sharma,18640.76,2
S01800,V0208,2025-08-22,AC Repair,K. Reddy,3019.78,1
S01801,V0338,2026-05-13,General Service,,3427.44,1
S01802,V0058,2025-01-23,Motor Repair,M. Khan,18239.28,2
S01803,V0263,2026-06-12,Brake Repair,M. Khan,5204.85,2
S01804,V0468,,General Service,P. Nair,1304.79,2
S01805,V0094,2025-09-01,Oil Change,A. Verma,2563.52,1
S01806,V0536,2024-12-27,Software Update,M. Khan,873.15,7
S01807,V0476,2024-12-10,Battery Check,R. Sharma,1306.13,3
S01808,V0075,2025-12-14,Oil Change,N. Gupta,1890.33,1
S01809,V0488,2025-10-07,General Service,M. Khan,945.79,7
S01810,V0308,2025-07-23,Software Update,A. Verma,914.42,7
S01811,V0200,2026-05-11,Body Repair,N. Gupta,7676.64,1
S01812,V0258,2024-12-02,Software Update,N. Gupta,421.25,1
S01813,V0337,2026-03-18,Suspension Work,P. Nair,3270.22,2
S01814,V0271,2025-12-16,Motor Repair,,20841.61,2
S01815,V0451,2026-06-28,Battery Check,S. Iyer,1169.64,7
S01816,V0007,2024-10-10,AC Repair,,5378.82,7
S01817,V0508,2026-04-27,Software Update,P. Nair,649.98,1
S01818,V0454,2025-08-10,AC Repair,,1408.49,1
S01819,V0199,2026-07-26,Battery Check,M. Khan,913.82,2
S01820,V0514,2025-11-07,Tyre Replacement,,8595.2,7
S01821,V0106,2024-12-31,Insurance Claim,M. Khan,23635.89,1
S01822,V0332,2026-01-21,Brake Repair,S. Iyer,3394.02,1
S01823,V0161,2025-08-27,AC Repair,N. Gupta,3696.02,5
S01824,V0276,2025-12-16,Oil Change,N. Gupta,2116.12,2
S01825,V0380,2025-02-27,Motor Repair,D. Singh,20866.34,7
S01826,V0316,2026-01-14,Software Update,K. Reddy,1205.58,1
S01827,V0414,2025-10-26,General Service,D. Singh,2185.2,1
S01828,V0468,2025-10-20,General Service,M. Khan,1339.71,2
S01829,V0263,2025-10-23,Tyre Replacement,R. Sharma,5131.72,3
S01830,V0438,2026-04-20,Software Update,,872.88,2
S01831,V0221,2024-10-10,Body Repair,P. Nair,7952.21,1
S01832,V0077,2024-09-12,Software Update,N. Gupta,532.0,1
S01833,V0400,2026-02-08,Software Update,R. Sharma,896.26,1
S01834,V0058,2025-02-07,Insurance Claim,,24574.29,3
S01835,V0449,2025-12-21,Oil Change,A. Verma,1820.66,3
S01836,V0424,2025-08-22,Brake Repair,P. Nair,3085.01,2
S01837,V0091,2025-12-31,General Service,,2298.4,2
S01838,V0544,2025-04-15,Tyre Replacement,S. Iyer,4059.11,1
S01839,V0322,2025-02-07,AC Repair,N. Gupta,4590.49,2
S01840,V0189,2026-03-09,AC Repair,N. Gupta,4768.18,3
S01841,V0342,2026-06-23,Oil Change,P. Nair,636.9,2
S01842,V0024,2026-03-26,Brake Repair,K. Reddy,2833.62,5
S01843,V0499,2024-11-07,General Service,R. Sharma,1190.54,3
S01844,V0017,2026-05-27,Body Repair,R. Sharma,9269.9,3
S01845,V0504,2026-02-05,Tyre Replacement,A. Verma,5824.78,1
S01846,V0095,2025-05-29,Suspension Work,,3448.37,1
S01847,V0526,2026-08-03,Battery Check,N. Gupta,1016.02,2
S01848,V0075,2026-06-27,Insurance Claim,P. Nair,16215.37,7
S01849,V0463,2024-10-06,Brake Repair,A. Verma,4504.68,1
S01850,V0348,2025-02-21,Motor Repair,K. Reddy,15364.06,1
S01851,V0412,2024-09-18,Software Update,R. Sharma,597.91,1
S01852,V0231,2026-02-21,AC Repair,P. Nair,3716.61,2
S01853,V0335,2025-07-10,Suspension Work,M. Khan,5660.63,3
S01854,V0157,2025-05-22,Oil Change,M. Khan,1628.86,2
S01855,V0186,2025-11-26,General Service,R. Sharma,3964.27,1
S01856,V0357,2024-09-12,Battery Check,D. Singh,2203.74,2
S01857,V0214,2024-12-27,Oil Change,K. Reddy,981.26,2
S01858,V0239,2024-11-08,Oil Change,R. Sharma,2322.73,1
S01859,V0451,2025-07-16,Battery Check,K. Reddy,-1.0,1
S01860,V0455,2024-11-27,Oil Change,N. Gupta,1076.59,7
S01861,V0409,2025-11-30,Brake Repair,A. Verma,5403.6,1
S01862,V0180,2025-10-02,Suspension Work,,10767.93,1
S01863,V0167,2025-01-12,Software Update,D. Singh,485.69,3
S01864,V0426,2025-08-15,Battery Check,,1018.31,3
S01865,V0490,2025-12-31,Tyre Replacement,N. Gupta,8137.09,1
S01866,V0008,2025-02-02,Software Update,K. Reddy,876.02,1
S01867,V0364,2026-02-15,AC Repair,A. Verma,4175.56,5
S01868,V0308,2025-07-05,Oil Change,A. Verma,2014.57,5
S01869,V0483,2025-09-12,General Service,P. Nair,2841.86,3
S01870,V0047,2026-03-22,Brake Repair,S. Iyer,2250.09,1
S01871,V0132,2024-10-23,General Service,N. Gupta,3416.4,1
S01872,V0063,2024-09-08,Body Repair,P. Nair,16912.28,3
S01873,V0425,2026-07-24,Brake Repair,S. Iyer,3862.8,1
S01874,V0186,2024-10-31,AC Repair,A. Verma,3446.74,1
S01875,V0031,2024-09-15,Brake Repair,D. Singh,1949.27,2
S01876,V0329,2024-12-02,General Service,D. Singh,2949.97,1
S01877,V0482,2024-08-25,General Service,S. Iyer,3000.55,5
S01878,V0048,,Software Update,S. Iyer,782.59,1
S01879,V0016,2025-10-11,AC Repair,A. Verma,4877.33,5
S01880,V0068,2026-05-15,Battery Check,N. Gupta,1324.61,5
S01881,V0550,2025-04-28,Battery Check,P. Nair,1796.42,7
S01882,V0481,2026-01-02,General Service,,1607.79,3
S01883,V0099,2026-07-23,Motor Repair,M. Khan,14876.35,1
S01884,V0225,2026-02-05,Oil Change,M. Khan,1690.16,1
S01885,V0098,2025-09-12,Battery Check,M. Khan,1618.29,2
S01886,V0257,2025-01-07,Brake Repair,P. Nair,3656.8,3
S01887,V0474,2025-01-20,Insurance Claim,,23849.61,2
S01888,V0135,2026-04-18,AC Repair,S. Iyer,4511.91,1
S01889,V0395,2025-08-23,Software Update,S. Iyer,677.71,1
S01890,V0147,2025-05-09,Software Update,S. Iyer,350.16,5
S01891,V0331,2026-06-10,General Service,N. Gupta,4030.89,3
S01892,V0193,2026-05-07,Insurance Claim,K. Reddy,37087.72,7
S01893,V0220,,Motor Repair,,8215.62,7
S01894,V0121,2025-07-08,Tyre Replacement,,7448.39,3
S01895,V0346,2025-11-22,Software Update,,659.17,7
S01896,V0099,2026-05-22,Insurance Claim,,27305.51,2
S01897,V0065,2025-10-12,AC Repair,R. Sharma,3860.42,1
S01898,V0097,2024-11-22,Oil Change,A. Verma,1652.32,1
S01899,V0303,2025-09-04,Brake Repair,P. Nair,3047.86,7
S01900,V0447,2024-11-03,Suspension Work,A. Verma,5308.17,1
S01901,V0408,2025-08-21,General Service,M. Khan,1698.33,1
S01902,V0204,2024-09-28,AC Repair,S. Iyer,2481.02,1
S01903,V0546,2025-09-21,AC Repair,,3417.71,1
S01904,V0384,2024-09-07,Software Update,M. Khan,599.59,1
S01905,V0435,2026-04-14,Brake Repair,P. Nair,5202.62,5
S01906,V0535,2025-03-21,Software Update,N. Gupta,1216.43,3
S01907,V0140,2026-04-19,Brake Repair,,-1.0,2
S01908,V0214,2025-06-03,Body Repair,A. Verma,13005.5,1
S01909,V0421,2025-05-10,Oil Change,M. Khan,2114.8,5
S01910,V0164,2026-05-21,Insurance Claim,M. Khan,29130.02,2
S01911,V0359,2024-12-15,Brake Repair,S. Iyer,4311.65,5
S01912,V0127,2025-03-20,Body Repair,S. Iyer,15119.27,2
S01913,V0455,2025-09-16,Brake Repair,D. Singh,4908.91,1
S01914,V0121,2025-02-14,Battery Check,N. Gupta,850.23,2
S01915,V0449,2025-09-04,Tyre Replacement,,7825.23,7
S01916,V0158,2025-11-11,Battery Check,D. Singh,1965.83,2
S01917,V0042,2025-04-07,Software Update,P. Nair,586.28,1
S01918,V0478,2025-11-17,Software Update,N. Gupta,810.62,2
S01919,V0231,2025-09-25,Motor Repair,M. Khan,18587.48,7
S01920,V0443,2026-06-04,Oil Change,P. Nair,1668.13,2
S01921,V0258,,Insurance Claim,K. Reddy,34388.56,2
S01922,V0366,2026-07-07,Software Update,M. Khan,1461.88,7
S01923,V0227,2026-08-11,Body Repair,P. Nair,8698.86,1
S01924,V0500,2025-12-12,Suspension Work,K. Reddy,3616.44,5
S01925,V0044,2024-09-14,Battery Check,A. Verma,1659.5,1
S01926,V0245,2025-06-26,AC Repair,K. Reddy,4383.91,5
S01927,V0041,2025-01-15,AC Repair,N. Gupta,3217.19,7
S01928,V0536,,General Service,K. Reddy,3771.6,1
S01929,V0222,2024-10-04,Motor Repair,A. Verma,7972.32,2
S01930,V0423,2025-01-18,General Service,P. Nair,3106.3,3
S01931,V0353,2026-04-11,AC Repair,M. Khan,2757.82,2
S01932,V0457,2025-04-19,General Service,P. Nair,4004.46,1
S01933,V0215,2026-02-26,Suspension Work,,11881.66,3
S01934,V0411,2026-06-19,AC Repair,S. Iyer,2560.85,7
S01935,V0092,2024-10-06,Software Update,D. Singh,646.12,2
S01936,V0104,2025-08-17,Battery Check,D. Singh,1951.28,7
S01937,V0191,2026-04-02,General Service,N. Gupta,2161.26,3
S01938,V0346,2025-10-08,Motor Repair,S. Iyer,14761.59,1
S01939,V0331,2025-11-10,Motor Repair,,15133.29,2
S01940,V0183,2026-04-24,Software Update,A. Verma,300.0,2
S01941,V0096,2026-04-04,Battery Check,K. Reddy,1492.74,2
S01942,V0150,2025-05-01,AC Repair,K. Reddy,2655.08,1
S01943,V0395,2024-10-12,Battery Check,P. Nair,1241.11,1
S01944,V0332,2025-06-22,Oil Change,R. Sharma,2709.49,2
S01945,V0159,2026-02-13,Insurance Claim,R. Sharma,14005.56,7
S01946,V0230,2026-07-02,Oil Change,N. Gupta,2312.32,2
S01947,V0149,2026-06-01,Battery Check,N. Gupta,1353.54,7
S01948,V0425,2025-08-06,Suspension Work,M. Khan,6314.59,5
S01949,V0191,2024-11-24,Suspension Work,K. Reddy,8936.41,2
S01950,V0373,,Tyre Replacement,D. Singh,6714.11,2
S01951,V0328,2024-11-06,Software Update,D. Singh,959.77,2
S01952,V0132,2025-08-20,Battery Check,,-1.0,7
S01953,V0549,2025-02-02,Software Update,D. Singh,707.23,2
S01954,V0477,2025-05-05,Tyre Replacement,R. Sharma,4714.3,7
S01955,V0449,2025-08-06,Motor Repair,A. Verma,9302.96,1
S01956,V0023,2026-03-16,Suspension Work,R. Sharma,4977.74,3
S01957,V0489,2026-05-24,Motor Repair,A. Verma,30482.75,2
S01958,V0259,2025-02-04,General Service,N. Gupta,3589.09,5
S01959,V0137,2026-07-03,Brake Repair,P. Nair,2213.92,2
S01960,V0339,2024-09-10,Oil Change,,966.85,5
S01961,V0148,2026-03-16,Suspension Work,D. Singh,8180.57,1
S01962,V0055,2025-01-12,AC Repair,A. Verma,4170.4,1
S01963,V0543,2025-11-09,Software Update,M. Khan,953.69,2
S01964,V0184,2025-05-26,Brake Repair,A. Verma,3825.21,3
S01965,V0092,2026-01-03,Battery Check,K. Reddy,1434.14,5
S01966,V0391,2024-09-04,Brake Repair,S. Iyer,4681.98,1
S01967,V0319,2025-08-09,Brake Repair,P. Nair,4326.26,7
S01968,V0093,2025-05-31,Oil Change,M. Khan,401.84,3
S01969,V0084,2025-05-24,AC Repair,A. Verma,3218.5,2
S01970,V0021,2024-11-21,General Service,R. Sharma,1755.02,3
S01971,V0098,2026-01-16,Battery Check,R. Sharma,1591.99,3
S01972,V0394,2025-09-27,General Service,D. Singh,5112.1,1
S01973,V0177,2024-11-14,Oil Change,N. Gupta,2031.51,1
S01974,V0549,2024-11-16,Oil Change,A. Verma,1602.48,1
S01975,V0384,2025-11-15,Software Update,S. Iyer,1058.1,1
S01976,V0456,2026-06-13,General Service,,2922.35,1
S01977,V0320,2025-05-06,Software Update,,917.63,1
S01978,V0103,2025-04-29,Software Update,D. Singh,969.92,7
S01979,V0399,2026-06-24,Motor Repair,,25796.85,1
S01980,V0347,2025-02-12,Software Update,N. Gupta,483.35,2
S01981,V0414,2024-10-28,Software Update,A. Verma,932.62,1
S01982,V0329,2024-08-29,Suspension Work,,4730.37,5
S01983,V0206,2025-06-19,Software Update,M. Khan,955.54,2
S01984,V0437,2026-02-23,Software Update,A. Verma,542.77,7
S01985,V0025,2026-04-04,Software Update,K. Reddy,683.14,2
S01986,V0510,2025-09-17,Tyre Replacement,R. Sharma,5380.31,1
S01987,V0193,2024-09-24,Software Update,D. Singh,1073.23,1
S01988,V0548,2026-03-31,Brake Repair,K. Reddy,5550.13,2
S01989,V0361,2026-05-22,Software Update,,451.2,1
S01990,V0521,,AC Repair,R. Sharma,3567.29,2
S01991,V0102,2024-10-02,Motor Repair,M. Khan,11274.71,3
S01992,V0075,2024-10-02,Oil Change,R. Sharma,1007.14,1
S01993,V0391,2025-07-08,Oil Change,A. Verma,1663.28,2
S01994,V0005,2025-03-16,Oil Change,D. Singh,1605.66,1
S01995,V0400,2025-04-08,Software Update,R. Sharma,1479.48,1
S01996,V0146,2025-11-05,General Service,P. Nair,2878.84,5
S01997,V0318,2026-06-03,Oil Change,P. Nair,932.1,5
S01998,V0011,2026-08-21,Software Update,K. Reddy,641.86,2
S01999,V0195,2024-11-24,Oil Change,K. Reddy,2443.47,1
S02000,V0460,2025-06-08,Brake Repair,M. Khan,7270.01,1
S02001,V0118,2025-12-15,Software Update,A. Verma,355.92,1
S02002,V0550,2025-12-14,Motor Repair,K. Reddy,5130.4,2
S02003,V0550,,Motor Repair,A. Verma,24822.57,1
S02004,V0405,2026-07-08,Oil Change,,2045.46,7
S02005,V0206,2025-01-19,Brake Repair,R. Sharma,2923.61,7
S02006,V0491,2026-01-19,Oil Change,K. Reddy,2136.82,1
S02007,V0086,2026-04-08,General Service,D. Singh,300.0,7
S02008,V0147,2026-06-09,Motor Repair,R. Sharma,15017.72,2
S02009,V0216,2026-05-11,Battery Check,S. Iyer,1672.11,3
S02010,V0257,2025-07-12,Brake Repair,M. Khan,5558.68,1
S02011,V0401,2025-03-31,Brake Repair,,2709.57,1
S02012,V0231,2025-05-17,Brake Repair,D. Singh,4325.96,7
S02013,V0026,2025-09-29,Software Update,,540.88,2
S02014,V0165,2026-05-19,Brake Repair,D. Singh,4575.41,1
S02015,V0115,2025-02-16,General Service,,1716.57,1
S02016,V0174,2026-06-05,AC Repair,S. Iyer,3000.08,1
S02017,V0240,2025-04-12,General Service,R. Sharma,1628.66,5
S02018,V0123,2025-09-21,Oil Change,R. Sharma,2210.22,1
S02019,V0021,2024-11-06,Insurance Claim,N. Gupta,32511.45,5
S02020,V0290,2025-05-02,Insurance Claim,N. Gupta,22947.07,2
S02021,V0503,2025-06-18,Software Update,N. Gupta,810.71,1
S02022,V0466,2026-07-17,Suspension Work,M. Khan,3450.95,1
S02023,V0294,2025-08-12,Insurance Claim,K. Reddy,22377.83,2
S02024,V0165,2024-10-18,AC Repair,K. Reddy,3438.5,2
S02025,V0148,2026-06-19,General Service,,4793.19,2
S02026,V0412,2026-04-29,Brake Repair,D. Singh,2565.41,2
S02027,V0416,2025-09-06,Software Update,N. Gupta,1209.97,7
S02028,V0455,2025-04-01,Software Update,D. Singh,1079.12,3
S02029,V0409,2025-09-30,Brake Repair,M. Khan,4612.54,2
S02030,V0223,2024-11-19,Oil Change,D. Singh,2907.93,7
S02031,V0419,2026-02-02,AC Repair,M. Khan,3955.83,5
S02032,V0145,2026-03-20,Software Update,P. Nair,908.96,5
S02033,V0053,2024-09-17,General Service,S. Iyer,2453.52,5
S02034,V0530,2025-02-09,Brake Repair,R. Sharma,5998.65,2
S02035,V0396,2025-07-09,Body Repair,P. Nair,16605.17,1
S02036,V0412,2026-03-03,Body Repair,M. Khan,9372.16,1
S02037,V0422,2026-07-19,AC Repair,S. Iyer,1883.92,7
S02038,V0324,2024-09-06,Body Repair,,11147.48,1
S02039,V0100,2026-04-25,Oil Change,R. Sharma,1295.98,3
S02040,V0093,2025-03-07,AC Repair,D. Singh,3422.18,2
S02041,V0155,2025-10-26,Battery Check,D. Singh,2149.66,3
S02042,V0458,2025-03-29,Motor Repair,S. Iyer,12599.17,2
S02043,V0311,2026-07-28,Battery Check,S. Iyer,1477.52,1
S02044,V0168,2024-10-04,General Service,K. Reddy,2550.77,1
S02045,V0481,2026-05-08,Tyre Replacement,M. Khan,7781.7,1
S02046,V0151,2025-05-29,Oil Change,S. Iyer,384.46,5
S02047,V0485,,Software Update,R. Sharma,630.12,3
S02048,V0452,2025-05-28,Body Repair,N. Gupta,12887.39,1
S02049,V0504,2025-07-12,Insurance Claim,D. Singh,35500.69,1
S02050,V0379,2025-02-02,Motor Repair,K. Reddy,12417.51,1
S02051,V0114,2025-05-26,General Service,D. Singh,858.02,2
S02052,V0086,2025-12-17,AC Repair,N. Gupta,4259.15,1
S02053,V0428,,Motor Repair,M. Khan,11664.35,2
S02054,V0533,2025-12-17,General Service,S. Iyer,1459.04,1
S02055,V0245,2024-09-13,Brake Repair,D. Singh,3282.21,1
S02056,V0280,2026-03-02,Insurance Claim,A. Verma,23385.4,3
S02057,V0033,2026-07-08,Brake Repair,R. Sharma,3311.03,1
S02058,V0310,2026-06-18,Brake Repair,K. Reddy,957.82,5
S02059,V0037,2026-02-24,Brake Repair,D. Singh,5518.69,3
S02060,V0525,2025-04-24,Software Update,D. Singh,1156.97,1
S02061,V0355,2026-04-19,Tyre Replacement,N. Gupta,7368.2,2
S02062,V0274,2025-03-01,Battery Check,A. Verma,902.72,3
S02063,V0522,2026-02-23,Oil Change,A. Verma,1673.06,2
S02064,V0077,2025-01-27,Software Update,M. Khan,798.17,1
S02065,V0078,2024-09-10,General Service,D. Singh,3023.95,1
S02066,V0160,2026-02-03,Body Repair,N. Gupta,14807.03,3
S02067,V0109,2025-11-19,Software Update,M. Khan,594.43,1
S02068,V0191,2026-05-16,Battery Check,A. Verma,1543.05,1
S02069,V0444,2026-03-17,Oil Change,A. Verma,2088.09,5
S02070,V0329,2026-07-01,Insurance Claim,N. Gupta,37738.45,2
S02071,V0508,2026-02-23,Body Repair,N. Gupta,14958.93,2
S02072,V0063,2026-04-04,Oil Change,A. Verma,2297.11,1
S02073,V0203,2025-09-30,Software Update,A. Verma,823.47,1
S02074,V0193,2026-07-19,Brake Repair,M. Khan,6273.37,1
S02075,V0405,2026-07-04,Insurance Claim,P. Nair,28585.42,5
S02076,V0519,2025-03-20,Brake Repair,P. Nair,2934.2,3
S02077,V0247,2026-08-16,General Service,P. Nair,3727.95,2
S02078,V0166,2025-09-16,Brake Repair,D. Singh,5225.92,1
S02079,V0441,2025-06-27,Battery Check,N. Gupta,1267.4,1
S02080,V0091,2026-01-29,AC Repair,D. Singh,2912.62,1
S02081,V0269,2026-03-07,AC Repair,N. Gupta,3863.31,3
S02082,V0512,2025-02-28,Tyre Replacement,D. Singh,6972.69,2
S02083,V0234,2026-07-24,General Service,D. Singh,2672.63,5
S02084,V0477,2025-07-29,Motor Repair,K. Reddy,16634.37,7
S02085,V0476,2026-08-17,General Service,K. Reddy,3987.46,5
S02086,V0026,2025-02-12,Brake Repair,K. Reddy,5775.17,1
S02087,V0410,2026-06-16,General Service,S. Iyer,2666.81,1
S02088,V0189,2025-03-15,Brake Repair,N. Gupta,5583.73,1
S02089,V0278,2026-01-02,Software Update,K. Reddy,510.89,1
S02090,V0311,2025-03-10,Oil Change,N. Gupta,2050.69,7
S02091,V0444,2026-08-22,Software Update,S. Iyer,1306.61,7
S02092,V0062,2026-03-08,AC Repair,A. Verma,3232.89,3
S02093,V0489,2025-03-26,Software Update,,562.66,7
S02094,V0222,2025-10-13,Software Update,P. Nair,617.42,1
S02095,V0347,2024-09-19,Software Update,A. Verma,494.9,1
S02096,V0543,2025-03-10,Motor Repair,S. Iyer,10880.0,3
S02097,V0485,2025-03-06,Brake Repair,K. Reddy,3655.35,2
S02098,V0215,2025-02-21,AC Repair,D. Singh,1778.18,7
S02099,V0288,2025-12-12,Motor Repair,M. Khan,15082.0,1
S02100,V0330,2026-03-09,Insurance Claim,M. Khan,32894.93,2
S02101,V0256,2024-08-31,Motor Repair,R. Sharma,10234.28,3
S02102,V0524,2025-04-03,Battery Check,S. Iyer,2297.62,3
S02103,V0084,2025-12-18,Suspension Work,P. Nair,8251.44,1
S02104,V0461,2026-04-25,Software Update,P. Nair,1088.56,1
S02105,V0373,2026-05-03,General Service,M. Khan,1924.39,1
S02106,V0336,2025-07-12,AC Repair,N. Gupta,4546.79,1
S02107,V0280,2024-09-03,AC Repair,D. Singh,2162.38,2
S02108,V0193,2024-08-28,Body Repair,P. Nair,15739.04,1
S02109,V0200,2024-09-18,Suspension Work,P. Nair,7421.01,2
S02110,V0386,2025-05-11,Software Update,R. Sharma,954.91,2
S02111,V0268,2025-12-01,Oil Change,R. Sharma,1059.38,5
S02112,V0081,2025-10-02,AC Repair,S. Iyer,2403.54,7
S02113,V0392,2025-06-16,Brake Repair,D. Singh,5077.93,1
S02114,V0281,,General Service,N. Gupta,1670.2,2
S02115,V0167,2024-10-19,Battery Check,A. Verma,1743.18,1
S02116,V0335,2026-06-08,Suspension Work,S. Iyer,3650.51,3
S02117,V0385,2025-09-29,Software Update,D. Singh,1037.49,5
S02118,V0183,2026-07-19,AC Repair,R. Sharma,1990.16,2
S02119,V0332,2025-07-09,Body Repair,R. Sharma,14319.66,1
S02120,V0136,2025-02-26,Oil Change,S. Iyer,2194.15,1
S02121,V0105,2026-03-20,Software Update,A. Verma,604.9,3
S02122,V0366,2025-02-27,Motor Repair,A. Verma,18055.64,7
S02123,V0411,2025-08-18,Software Update,K. Reddy,872.92,1
S02124,V0092,2025-02-04,Oil Change,A. Verma,1460.53,2
S02125,V0233,2024-12-27,Battery Check,R. Sharma,970.51,2
S02126,V0491,2026-05-20,Oil Change,S. Iyer,563.55,1
S02127,V0513,2025-12-14,Software Update,R. Sharma,897.9,2
S02128,V0505,2025-02-08,General Service,K. Reddy,1130.8,1
S02129,V0042,2025-12-13,Oil Change,M. Khan,1860.07,2
S02130,V0504,2025-01-03,General Service,A. Verma,2269.48,3
S02131,V0522,2025-08-27,Brake Repair,S. Iyer,5198.34,1
S02132,V0289,2025-07-09,Tyre Replacement,,5365.7,5
S02133,V0164,2025-04-10,Oil Change,P. Nair,1592.45,3
S02134,V0201,2025-09-30,AC Repair,K. Reddy,4396.54,1
S02135,V0293,2025-02-04,General Service,,2793.18,5
S02136,V0210,2026-07-18,Brake Repair,A. Verma,4664.75,2
S02137,V0205,2026-08-17,Body Repair,P. Nair,13970.92,2
S02138,V0311,2026-08-04,AC Repair,M. Khan,1618.92,2
S02139,V0223,2024-09-02,Battery Check,M. Khan,1897.31,1
S02140,V0342,2026-05-01,Oil Change,K. Reddy,2185.86,3
S02141,V0469,2026-05-04,Software Update,S. Iyer,515.33,7
S02142,V0492,2025-09-21,Suspension Work,M. Khan,6402.0,1
S02143,V0110,,General Service,R. Sharma,2465.61,1
S02144,V0281,2025-02-09,General Service,K. Reddy,2382.32,1
S02145,V0100,2024-11-09,General Service,M. Khan,2792.13,5
S02146,V0382,2025-08-27,General Service,R. Sharma,3752.45,2
S02147,V0036,2024-11-12,Battery Check,P. Nair,2067.93,7
S02148,V0210,2024-10-17,Battery Check,R. Sharma,811.08,7
S02149,V0179,2025-01-18,Software Update,N. Gupta,974.18,2
S02150,V0277,2025-10-12,General Service,N. Gupta,3662.82,1
S02151,V0157,2026-04-20,General Service,K. Reddy,2838.46,1
S02152,V0039,2026-01-01,Motor Repair,N. Gupta,20727.65,5
S02153,V0180,2024-10-13,General Service,R. Sharma,4260.74,1
S02154,V0288,2025-06-29,Tyre Replacement,M. Khan,8149.79,2
S02155,V0025,2025-03-16,Software Update,M. Khan,869.81,7
S02156,V0002,2024-09-09,General Service,K. Reddy,3414.45,7
S02157,V0238,2025-11-08,Battery Check,D. Singh,1576.07,7
S02158,V0484,2025-05-12,General Service,D. Singh,2520.92,1
S02159,V0329,2026-08-04,Software Update,K. Reddy,701.6,3
S02160,V0479,2026-06-08,AC Repair,S. Iyer,5415.18,7
S02161,V0418,2025-05-22,AC Repair,A. Verma,2497.42,2
S02162,V0141,2026-07-11,AC Repair,N. Gupta,5377.15,7
S02163,V0169,2025-03-24,General Service,S. Iyer,2937.38,3
S02164,V0164,2024-09-13,Oil Change,K. Reddy,918.44,1
S02165,V0430,2025-05-18,Battery Check,,1693.02,1
S02166,V0533,2025-03-22,Battery Check,P. Nair,397.49,1
S02167,V0233,2024-12-09,Insurance Claim,D. Singh,30473.2,7
S02168,V0120,2025-10-28,AC Repair,D. Singh,4584.41,5
S02169,V0536,2024-11-07,Insurance Claim,M. Khan,19816.89,3
S02170,V0418,2025-01-23,General Service,N. Gupta,2608.1,1
S02171,V0193,2025-04-07,General Service,,4209.89,1
S02172,V0508,2026-01-27,Brake Repair,P. Nair,3456.55,2
S02173,V0416,2026-02-15,Tyre Replacement,,3776.29,1
S02174,V0196,2026-03-17,Motor Repair,A. Verma,22778.73,2
S02175,V0191,2026-01-25,Brake Repair,N. Gupta,7085.0,1
S02176,V0433,2026-07-10,AC Repair,R. Sharma,3504.53,2
S02177,V0352,2025-05-25,Motor Repair,K. Reddy,20310.18,7
S02178,V0043,2025-10-21,Insurance Claim,R. Sharma,36737.91,7
S02179,V0328,2025-12-15,Software Update,K. Reddy,592.1,1
S02180,V0433,2024-12-09,Body Repair,D. Singh,9961.72,7
S02181,V0028,2026-03-02,Brake Repair,A. Verma,6009.39,7
S02182,V0259,2025-12-09,Oil Change,A. Verma,2861.56,7
S02183,V0389,2026-07-21,Brake Repair,R. Sharma,5027.43,3
S02184,V0318,2026-07-23,Suspension Work,N. Gupta,4844.45,2
S02185,V0421,2026-08-17,Oil Change,R. Sharma,3051.85,7
S02186,V0071,2025-10-09,Motor Repair,K. Reddy,12212.4,1
S02187,V0260,2026-08-21,General Service,N. Gupta,2206.75,1
S02188,V0463,2025-11-25,Tyre Replacement,R. Sharma,6718.91,2
S02189,V0340,2026-02-09,Software Update,A. Verma,1235.16,2
S02190,V0494,2025-09-19,Software Update,S. Iyer,1039.11,5
S02191,V0045,2024-11-18,Brake Repair,N. Gupta,4809.85,2
S02192,V0456,2026-05-26,Software Update,S. Iyer,929.72,1
S02193,V0449,2026-03-28,Motor Repair,K. Reddy,15228.45,1
S02194,V0538,2025-11-08,AC Repair,A. Verma,4183.72,5
S02195,V0486,2025-12-16,General Service,K. Reddy,300.0,1
S02196,V0067,2025-09-06,General Service,D. Singh,2240.47,7
S02197,V0411,2025-04-10,Suspension Work,S. Iyer,7591.24,1
S02198,V0025,2025-01-11,Software Update,M. Khan,477.72,7
S02199,V0383,2025-10-16,Battery Check,S. Iyer,1702.82,5
S02200,V0119,2026-06-18,Oil Change,S. Iyer,1671.18,2
S01271,V0395,2026-06-13,Software Update,N. Gupta,763.25,5
S01482,V0029,2025-06-10,Tyre Replacement,K. Reddy,3955.55,1
S01833,V0400,2026-02-08,Software Update,R. Sharma,896.26,1
S00294,V0075,2025-05-26,Battery Check,,1700.77,2
S01308,V0090,2026-05-02,Brake Repair,S. Iyer,3832.43,2
S01775,V0484,2025-03-21,Oil Change,P. Nair,1796.47,1
S01764,V0163,2025-12-16,Software Update,D. Singh,939.37,2
S00995,V0384,2025-05-14,Tyre Replacement,S. Iyer,4735.35,1
S00425,V0390,2026-07-06,Suspension Work,A. Verma,5906.85,3
S01533,V0022,2025-08-18,Motor Repair,P. Nair,7419.76,2
